SubmissionID,Won,Lost,TimeTaken
1,43,202,73
1,49,202,59
1,49,219,82
1,71,43,99
1,71,44,29
1,90,111,70
1,90,157,93
1,99,217,44I
1,137,99,96
1,144,148,58
1,146,137,39
1,146,219,96
1,148,30,91
1,203,144,10
2,8,124,34
2,8,227,95
2,20,189,87
2,22,168,19
2,48,20,29
2,49,199,8
2,97,176,85
2,124,97,13
2,144,163,55
2,144,199,54
2,176,76,71
2,187,90,50
2,229,163,12
2,229,230,66
3,22,164,59
3,74,147,64
3,90,91,98
3,95,181,81
3,108,30,18
3,179,202,27
3,217,202,53
4,36,217,82
4,55,164,33
4,56,152,18
4,86,110,0
4,95,157,100
4,97,167,12
4,113,214,25
4,125,74,79
4,131,192,45
4,141,64,62
4,170,208,11
4,195,24,35
6,4,142,77
6,26,2,47
6,76,7,37
6,86,90,17
6,91,144,76
6,113,29,33
6,141,75,14
6,145,47,36
6,181,122,26
6,194,20,94
6,198,116,99
7,2,216,52
7,21,113,0
7,21,131,78
7,55,46,7
7,113,147,85
7,119,149,82
7,149,43,39
7,220,2,14
7,220,191,57
8,21,227,19
8,22,78,33
8,39,24,4
8,40,39,60
8,40,199,4
8,45,102,27
8,45,184,48
8,57,211,83
8,78,21,92
8,108,37,25
8,116,205,19
8,151,199,31
8,152,26,54
8,182,184,82
8,195,198,66
8,205,182,49
8,227,152,21
8,228,198,4
8,230,132,22
8,230,151,69
20,45,154,34
20,53,136,22
20,63,122,34
20,86,63,6
20,111,24,93
20,142,168,47
20,147,193,58
20,214,111,63
20,221,24,58
20,227,168,89
20,230,227,60
21,6,114,70
21,24,49,45
21,24,198,77
21,32,163,71
21,32,219,24
21,76,49,46
21,76,163,59
21,135,200,2
21,151,225,95
21,167,179,71
21,200,198,26
21,219,179,18
21,225,6,37
22,6,203,84
22,20,55,79
22,20,144,2
22,23,55,10
22,34,130,41
22,36,184,8
22,44,57,19
22,44,140,87
22,105,52,47
22,108,36,88
22,108,140,14
22,125,123,34
22,145,57,26
22,181,145,49
22,198,191,87
22,228,120,98
22,228,181,52
23,26,34,53
23,40,77,38
23,40,121,58
23,49,187,1
23,121,27,23
23,128,38,17
23,130,35,84
23,135,26,1
23,135,180,8
23,151,34,22
23,170,191,45
23,199,104,62
23,227,104,70
23,227,187,67
24,28,159,35
24,36,202,56
24,56,116,65
24,69,30,7
24,78,184,64
24,89,116,39
24,95,210,7
24,116,90,49
24,119,3,4
24,136,143,21
24,146,91,19
24,148,53,57
24,149,199,31
24,168,20,71
24,207,159,46
24,220,171,37
25,2,97,53
25,26,125,7
25,57,90,0
25,65,29,66
25,87,193,61
25,97,228,54
25,113,110,67
25,123,44,7
25,124,225,82
25,142,92,48
25,146,97,23
25,220,223,99
26,69,75,73
26,79,76,1
26,114,113,1
26,116,92,52
26,137,114,85
26,137,116,78
26,208,7,77
26,225,123,24
26,228,208,32
26,229,92,22
27,3,112,94
27,6,190,4
27,37,95,53
27,38,53,33
27,65,213,58
27,123,24,99
27,126,191,46
27,209,215,95
27,213,206,79
27,221,78,7
27,230,24,25
27,230,39,8
28,36,71,39
28,44,202,83
28,49,171,38
28,93,49,43
28,93,208,99
28,95,184,51
28,135,36,63
28,171,76,66
28,202,159,33
29,2,214,78
29,25,198,73
29,25,201,4
29,73,152,30
29,141,72,70
29,141,102,97
29,152,146,87
29,170,4,62
29,170,40,38
29,175,72,84
29,175,201,22
29,220,109,77
29,220,214,88
29,226,40,39
31,23,209,10
31,23,228,95
31,37,29,96
31,58,189,84
31,65,79,76
31,77,27,73
31,136,37,5
32,4,25,50
32,64,77,21
32,64,181,60
32,77,229,45
32,86,141,27
32,95,125,78
32,125,25,32
32,137,203,66
32,175,141,85
32,207,28,28
32,207,203,66
33,35,43,47
33,40,2,33
33,78,164,36
33,103,203,54
33,110,168,75
33,181,45,29
33,210,130,39
33,223,75,68
34,29,119,64
34,39,225,77
34,53,22,81
34,70,90,18
34,88,69,59
34,90,223,89
34,99,69,97
34,154,142,27
34,225,194,93
34,229,99,84
35,8,215,61
35,24,108,81
35,38,103,46
35,50,190,35
35,70,135,35
35,77,230,57
35,102,89,87
35,154,45,73
35,155,49,68
35,163,120,33
35,192,104,85
36,4,193,2
36,45,87,46
36,56,105,91
36,56,154,94
36,63,218,18
36,73,103,43
36,73,154,13
36,88,23,15
36,88,125,30
36,103,218,99
36,116,23,51
36,119,136,79
36,126,63,38
36,126,224,39
36,142,224,81
36,193,45,42
37,3,38,56
37,3,122,85
37,38,36,67
37,53,202,3
37,93,184,25
37,93,190,26
37,109,46,64
37,109,56,2
37,122,175,93
37,123,163,99
37,123,208,9
37,163,36,67
37,171,184,8
37,171,208,3
37,175,96,5
38,25,187,47
38,70,25,40
38,120,113,44
38,143,120,12
38,144,199,84
38,192,190,15
38,199,147,3
38,227,78,48
39,33,170,87
39,77,33,11
39,77,86,22
39,103,97,15
39,142,103,78
39,153,218,99
39,170,97,52
39,175,218,31
39,226,145,68
40,23,50,3
40,31,64,16
40,31,114,18
40,47,50,93
40,57,7,55
40,78,112,34
40,78,140,22
40,79,210,36
40,103,176,2
40,114,103,19
40,120,47,20
40,205,57,31
40,205,112,67
40,212,210,22
41,27,143,60
41,55,143,64
41,104,198,49
41,135,113,85
41,135,147,15
41,147,142,27
41,182,198,57
41,221,104,63
41,230,23,40
41,230,221,100
42,8,97,80
42,8,128,74
42,72,102,44
42,86,32,20
42,86,201,5
42,97,201,27
42,102,209,58
42,105,32,63
42,105,154,73
42,108,72,9
42,155,170,67
42,155,180,29
42,229,128,92
44,74,199,21
44,88,199,87
44,92,88,34
44,92,187,72
44,93,187,82
44,113,93,51
45,27,102,87
45,29,87,27
45,35,29,71
45,134,4,98
45,145,210,72
45,148,164,26
45,180,102,96
45,180,122,3
45,190,4,41
46,21,35,13
46,27,223,57
46,28,35,31
46,28,125,28
46,37,21,48
46,52,203,51
46,52,210,48
46,63,205,27
46,105,87,26
46,108,218,33
46,115,33,80
46,120,203,99
46,140,108,75
46,175,195,91
46,198,25,92
46,198,63,85
46,201,25,46
46,218,57,52
47,40,119,65
47,56,122,17
47,78,3,20
47,78,41,12
47,122,215,67
47,126,230,34
47,168,230,40
47,227,93,43
47,227,168,10
48,20,157,27
48,33,210,62
48,65,36,60
48,65,142,58
48,71,142,25
48,136,71,31
48,176,120,41
48,176,210,59
48,192,97,14
48,193,194,47
48,194,43,42
48,205,192,59
48,205,223,61
48,223,33,71
49,24,208,69
49,75,130,17
49,79,99,39
49,128,113,49
49,167,31,95
49,199,147,46
49,218,99,94
49,218,190,96
49,221,200,9
49,221,208,40
50,25,97,70
50,64,114,66
50,76,175,70
50,95,104,6
50,109,126,82
50,115,40,29
50,124,220,28
50,163,164,54
50,168,92,76
50,175,72,26
50,194,189,46
50,221,113,39
51,25,76,36
51,25,95,32
51,27,154,29
51,86,27,15
51,86,230,66
51,95,121,58
51,104,192,34
51,122,93,9
51,125,76,41
51,131,170,91
51,146,93,24
51,146,121,13
51,168,72,39
51,170,90,89
51,230,90,77
52,28,4,73
52,28,120,10
52,77,209,54
52,108,25,16
52,116,120,58
52,124,25,55
52,153,77,52
52,153,124,92
52,215,116,69
52,215,209,61
52,224,92,1
52,224,207,26
53,43,44,9
53,43,49,71
53,49,219,27
53,57,125,73
53,71,44,63
53,99,217,18
53,125,206,33
53,137,99,85
53,144,148,18
53,146,137,65
53,146,219,38
53,190,57,58
53,203,144,73
53,206,164,45
54,4,142,36
54,8,194,1
54,25,189,72
54,31,41,3
54,36,79,79
54,45,220,71
54,56,217,53
54,70,33,57
54,72,205,30
54,74,28,66
54,93,219,39
54,108,23,44
54,109,35,17
54,121,152,64
54,146,116,25
54,153,157,26
54,182,50,59
54,199,149,59
54,218,69,28
54,224,187,57
55,3,29,93
55,23,70,34
55,29,32,37
55,32,23,87
55,41,78,88
55,64,182,57
55,64,207,79
55,132,207,39
55,132,209,32
55,134,49,18
55,134,209,12
55,168,227,56
55,182,70,18
55,227,93,6
55,230,168,42
56,8,195,88
56,50,112,94
56,96,87,84
56,96,105,21
56,124,195,80
56,131,38,63
56,149,112,48
56,151,105,62
56,151,224,68
56,155,77,52
56,175,63,90
56,191,155,20
56,191,163,34
56,215,163,65
56,215,224,34
57,38,77,13
57,38,213,98
57,92,213,62
57,93,208,10
57,122,175,77
57,141,77,94
57,171,49,11
57,171,93,45
57,175,141,76
57,190,44,91
57,202,159,2
57,208,184,20
59,30,94,86
59,30,213,88
59,58,159,55
59,58,217,71
59,147,210,23
59,157,179,56
59,157,217,18
59,167,36,18
59,212,213,10
59,212,216,47
59,216,159,62
60,25,58,97
60,52,180,26
60,65,35,64
60,104,97,87
60,104,221,43
60,105,170,89
60,170,8,24
60,175,27,51
60,175,105,61
60,215,97,28
60,230,180,49
61,26,147,7
61,29,92,57
61,53,75,27
61,73,126,15
61,78,53,83
61,92,227,81
61,140,65,1
61,200,163,46
61,227,65,52
62,8,124,99
62,34,143,28
62,40,93,55
62,50,71,12
62,63,135,14
62,64,69,57
62,75,43,1
62,77,184,52
62,109,31,17
62,112,39,2
62,119,200,5
62,128,176,95
62,142,169,61
62,175,219,15
62,195,22,84
62,221,202,62
63,46,206,35
63,90,151,6
63,102,135,34
63,113,136,26
63,187,37,7
63,187,43,54
63,211,102,45
63,211,136,65
65,26,210,95
65,29,103,65
65,43,199,90
65,47,29,15
65,76,154,76
65,78,210,31
65,87,103,76
65,88,199,26
65,120,64,41
65,120,191,90
65,134,191,81
65,154,88,62
65,225,43,83
69,46,91,6
69,91,212,3
69,111,208,9
69,157,94,91
69,157,159,19
69,159,164,59
69,194,212,54
69,194,213,65
69,200,193,8
69,208,200,77
70,6,89,41
70,45,73,2
70,63,109,73
70,74,8,11
70,96,89,1
70,115,40,12
70,142,203,4
70,169,155,90
71,36,159,88
71,70,190,100
71,112,179,15
71,143,41,100
71,143,155,25
71,148,210,34
71,155,70,9
71,190,87,50
71,192,170,59
71,201,41,61
71,210,201,66
71,226,192,59
72,4,153,56
72,35,52,43
72,39,135,87
72,63,109,33
72,114,176,93
72,136,213,93
72,146,148,77
72,169,96,31
72,201,159,16
72,212,205,28
73,30,20,28
73,35,108,31
73,47,179,93
73,47,213,48
73,58,179,7
73,65,36,60
73,65,136,95
73,128,147,46
73,192,97,59
73,192,115,65
73,202,58,91
73,202,217,57
73,206,20,1
73,213,159,44
73,218,217,5
74,27,182,99
74,35,219,72
74,103,27,13
74,187,171,38
74,187,219,66
74,218,171,7
74,223,103,64
75,20,30,23
75,20,189,25
75,34,41,29
75,111,157,39
75,144,157,91
75,145,179,98
75,145,181,71
75,148,30,16
75,181,203,7
75,187,216,80
75,189,111,60
75,203,94,79
75,206,179,51
76,40,229,82
76,45,136,20
76,73,227,8
76,109,122,96
76,115,200,94
76,126,40,20
76,126,224,86
76,146,73,52
76,152,195,49
76,192,56,55
76,192,146,27
76,224,195,12
76,228,109,39
76,228,136,94
76,229,200,90
77,3,87,18
77,26,151,56
77,29,44,39
77,57,120,28
77,70,113,90
77,72,219,22
77,74,95,98
77,86,157,61
77,105,209,60
77,114,147,90
77,116,89,18
77,132,205,74
77,153,104,27
77,169,108,96
77,182,46,27
77,192,76,45
77,194,144,4
77,198,217,2
77,200,210,34
77,201,213,26
77,218,123,14
77,224,164,91
77,226,115,91
77,228,21,57
78,2,112,60
78,22,111,77
78,40,190,19
78,45,217,62
78,48,31,46
78,77,224,66
78,87,21,58
78,119,90,93
78,167,218,63
78,169,71,89
78,180,46,62
78,184,157,60
79,28,149,19
79,37,28,36
79,37,57,59
79,55,134,45
79,55,149,22
79,57,22,46
79,64,184,22
79,95,22,50
79,105,86,7
79,112,64,3
79,112,115,43
79,131,86,21
79,131,137,46
79,134,184,65
79,137,115,52
79,198,95,85
86,4,187,4
86,21,217,20
86,24,198,13
86,88,92,82
86,93,148,50
86,94,111,26
86,115,123,58
86,119,69,38
86,147,193,96
86,171,157,4
86,195,26,58
86,220,102,60
87,25,2,25
87,70,25,44
87,94,58,74
87,111,216,13
87,140,159,57
87,145,140,10
87,208,217,73
87,210,2,70
87,210,208,86
87,217,202,28
88,25,224,14
88,35,89,43
88,40,121,61
88,40,198,77
88,63,6,68
88,63,58,99
88,89,55,71
88,168,228,58
88,200,6,62
88,207,198,20
88,227,58,46
89,47,48,30
89,52,130,11
89,55,57,98
89,124,48,51
89,124,189,1
89,168,205,88
89,169,130,90
89,190,57,35
89,190,192,13
89,206,189,85
89,206,205,49
90,2,94,53
90,30,179,26
90,44,78,21
90,44,205,67
90,140,181,94
90,159,94,74
90,179,202,82
90,181,205,89
90,213,159,8
90,214,147,63
90,216,213,45
90,217,202,33
90,217,216,86
90,230,78,44
91,22,30,5
91,30,216,26
91,90,189,52
91,94,202,14
91,110,43,50
91,120,123,65
91,123,130,11
91,157,216,100
91,159,202,59
91,179,159,40
91,179,164,80
91,212,58,59
91,213,58,14
92,33,205,65
92,47,119,14
92,72,79,42
92,76,200,93
92,77,124,61
92,145,94,36
92,226,151,99
92,227,206,9
93,20,214,67
93,52,149,90
93,56,79,68
93,73,99,34
93,77,48,47
93,92,167,9
93,96,111,48
93,109,75,79
93,110,230,52
93,119,45,47
93,152,155,97
93,154,97,42
93,180,227,56
93,184,28,70
93,215,206,46
94,3,4,37
94,3,28,56
94,36,163,95
94,45,168,83
94,71,36,39
94,71,76,60
94,74,37,13
94,87,76,32
94,87,116,79
94,132,137,79
94,132,193,15
94,137,4,7
94,153,37,82
94,167,28,98
94,167,74,8
94,168,153,82
94,193,116,21
94,209,123,27
95,3,190,88
95,4,87,85
95,38,137,38
95,63,136,10
95,88,208,1
95,89,164,71
95,109,210,21
95,141,211,37
95,144,110,18
95,149,78,67
95,170,151,22
95,198,41,54
95,206,203,89
95,226,2,64
95,226,220,10
96,2,111,46
96,21,65,36
96,44,126,54
96,65,147,67
96,92,147,78
96,102,34,85
96,102,187,75
96,111,30,91
96,112,30,61
96,126,34,33
97,53,227,14
97,78,134,13
97,92,147,57
97,135,211,81
97,152,73,31
97,163,147,3
97,182,163,42
97,187,200,25
97,227,92,42
98,37,191,47
98,56,137,35
98,69,202,12
98,71,175,97
98,72,37,14
98,72,69,72
98,79,213,72
98,114,20,8
98,126,53,60
98,155,78,11
98,202,30,78
98,212,213,37
99,6,103,21
99,6,171,81
99,36,144,95
99,37,44,25
99,102,208,99
99,120,213,88
99,144,217,34
99,209,171,68
99,213,29,67
99,216,91,80
99,224,206,97
101,8,27,83
101,8,108,34
101,63,168,89
101,108,168,3
101,116,163,46
101,122,141,72
101,137,38,15
101,141,38,99
101,146,136,69
101,155,37,59
101,155,146,42
101,193,4,81
101,213,163,48
101,215,4,43
101,215,137,60
101,228,136,98
102,35,211,92
102,36,41,45
102,46,44,98
102,90,223,86
102,97,44,64
102,108,20,64
102,108,35,33
102,171,209,78
102,175,171,98
102,175,176,64
102,176,97,11
102,209,41,83
102,211,36,90
102,230,181,80
103,105,123,33
103,123,113,10
103,134,92,58
103,135,134,69
103,136,73,42
103,136,92,42
103,140,73,79
103,140,126,7
103,189,147,30
103,224,189,97
104,56,115,84
104,71,103,39
104,72,96,16
104,72,145,10
104,103,48,92
104,141,71,30
104,141,96,55
104,142,32,65
104,142,168,9
104,146,52,62
104,169,32,49
104,169,115,10
104,175,48,35
104,218,145,78
104,226,33,73
105,33,144,29
105,38,65,45
105,76,88,17
105,114,20,27
105,115,208,72
105,124,163,35
105,136,86,98
105,146,89,26
105,147,212,93
105,149,176,82
105,152,217,51
105,170,36,91
105,224,221,28
105,229,79,12
106,8,21,21
106,8,152,11
106,28,46,48
106,46,180,33
106,65,110,43
106,72,52,60
106,72,180,5
106,102,65,85
106,102,195,54
106,105,21,53
106,105,89,85
106,126,152,91
106,126,195,99
106,167,35,24
106,226,35,8
106,226,89,41
106,229,110,76
108,30,20,23
108,30,99,73
108,73,134,3
108,90,206,25
108,113,94,41
108,130,217,100
108,134,217,95
108,148,207,73
108,190,94,16
108,193,207,62
108,206,91,20
109,46,44,5
109,46,187,71
109,58,187,94
109,89,79,12
109,155,57,19
109,193,58,11
109,200,41,70
109,205,44,28
109,205,223,18
110,20,159,22
110,28,94,17
110,45,38,2
110,45,199,18
110,99,30,97
110,113,199,23
110,136,159,28
110,193,38,72
110,205,194,2
110,220,223,62
111,3,225,33
111,27,206,90
111,29,30,53
111,56,171,13
111,121,226,15
111,122,58,17
111,132,123,96
111,141,105,73
111,143,126,58
111,154,7,66
111,155,211,76
111,192,131,65
111,215,94,6
112,33,205,29
112,47,223,17
112,86,97,0
112,86,97,25
112,86,205,83
112,91,193,58
112,169,27,81
112,170,119,46
112,175,182,60
112,192,97,14
112,195,207,43
112,223,71,48
112,225,218,45
114,4,124,7
114,21,30,41
114,24,36,12
114,45,79,36
114,87,75,59
114,88,205,53
114,105,27,28
114,112,26,44
114,136,144,1
114,146,7,98
114,152,39,58
114,224,119,68
115,23,141,65
115,25,27,41
115,25,132,52
115,33,3,86
115,33,116,22
115,50,3,89
115,63,126,74
115,125,123,48
115,153,27,97
115,153,141,23
115,226,126,20
115,226,132,61
116,3,29,26
116,21,112,13
116,37,32,75
116,49,21,29
116,49,211,94
116,78,29,45
116,78,41,60
116,109,227,95
116,114,2,60
116,114,195,58
116,168,3,6
119,6,55,89
119,6,200,17
119,46,45,58
119,46,216,80
119,88,53,97
119,110,216,51
119,167,140,70
119,189,206,38
119,190,167,82
119,200,154,42
119,206,110,52
119,221,55,70
119,221,99,43
120,92,65,47
120,92,170,75
120,99,152,35
120,102,136,15
120,115,170,65
120,122,28,58
120,122,195,26
120,123,152,11
120,136,28,58
120,142,203,90
120,195,149,69
120,215,65,84
120,215,203,2
121,3,152,92
121,25,180,56
121,32,116,13
121,50,215,89
121,65,227,30
121,76,105,4
121,86,74,85
121,97,6,19
121,104,228,69
121,176,120,97
121,218,200,10
121,221,20,18
122,23,213,46
122,27,88,90
122,55,157,85
122,71,212,97
122,73,147,45
122,75,99,70
122,93,43,98
122,112,179,36
122,130,217,30
122,151,189,95
122,180,28,68
122,221,194,75
123,4,193,36
123,40,109,12
123,40,116,57
123,77,105,29
123,77,121,15
123,86,91,56
123,86,182,8
123,105,224,42
123,109,141,95
123,116,91,70
123,221,132,19
123,221,224,10
124,47,43,35
124,47,145,75
124,93,148,45
124,155,219,24
124,219,53,42
124,223,148,54
125,37,2,59
125,73,23,35
125,77,168,8
125,97,44,4
125,141,226,76
125,169,225,43
125,181,217,70
125,189,179,55
125,192,145,4
125,192,220,76
125,199,216,26
125,212,157,83
126,26,176,79
126,38,220,20
126,40,8,94
126,40,50,15
126,57,210,9
126,115,38,2
126,134,50,50
126,134,220,12
126,145,57,44
126,146,170,11
126,198,8,71
126,225,228,45
128,45,110,75
128,45,216,24
128,55,194,11
128,55,212,95
128,91,43,50
128,99,7,1
128,99,184,30
128,143,7,60
128,143,43,71
128,154,30,72
128,154,194,23
128,212,91,47
128,213,22,32
130,34,180,72
130,56,4,2
130,72,77,70
130,74,211,84
130,77,34,54
130,152,141,22
130,155,72,65
130,155,201,17
130,175,4,21
130,175,25,25
130,180,31,59
130,201,25,1
131,37,75,43
131,39,181,20
131,55,209,25
131,69,76,24
131,75,36,24
131,110,213,43
131,119,134,13
131,137,49,98
131,141,55,23
131,167,225,42
131,175,75,97
131,191,157,35
131,192,75,5
131,208,94,62
132,28,179,70
132,41,207,5
132,87,143,22
132,122,131,97
132,131,87,32
132,176,220,90
132,182,91,81
132,214,220,40
133,23,43,31
133,27,72,89
133,31,37,11
133,57,208,44
133,104,23,22
133,114,195,20
133,131,34,44
133,145,22,38
133,146,72,33
133,168,43,18
133,168,143,28
133,171,190,9
133,205,208,25
133,209,113,11
133,228,130,7
134,20,159,14
134,26,182,21
134,36,159,76
134,75,2,12
134,75,191,11
134,92,223,25
134,120,94,55
134,120,157,12
134,135,26,81
134,144,2,41
134,157,36,54
134,163,223,31
134,182,53,3
134,208,53,49
135,3,74,3
135,3,215,61
135,24,92,23
135,24,192,22
135,33,142,22
135,40,109,45
135,46,79,77
135,46,192,19
135,65,79,69
135,74,169,64
135,89,65,43
135,120,32,71
135,131,33,13
135,131,109,44
135,169,92,14
135,215,7,19
136,8,39,76
136,8,53,23
136,23,141,67
136,39,114,64
136,53,145,87
136,75,87,23
136,75,223,79
136,88,91,45
136,146,141,57
136,146,153,82
136,148,223,68
136,153,91,100
136,155,93,1
137,41,73,30
137,48,209,64
137,49,7,45
137,49,31,91
137,56,23,82
137,77,159,16
137,109,194,52
137,153,132,84
137,154,191,9
137,190,108,86
137,212,134,29
137,215,31,17
137,225,208,92
138,2,79,75
138,36,230,82
138,38,104,40
138,46,114,65
138,58,175,12
138,89,210,97
138,109,224,33
138,124,40,6
138,126,131,63
138,128,187,11
138,140,93,70
138,143,214,18
138,147,179,46
138,176,157,8
139,57,76,32
139,92,116,66
139,114,113,39
139,114,137,21
139,135,212,53
139,137,116,95
139,187,69,79
139,187,184,19
139,225,113,51
139,225,212,94
139,229,26,90
139,229,92,9
140,6,182,50
140,8,28,99
140,25,125,65
140,43,78,25
140,49,41,38
140,55,203,73
140,96,134,27
140,152,164,87
140,208,201,70
140,228,79,38
140,229,50,53
141,28,194,8
141,88,228,46
141,91,4,58
141,115,189,31
141,116,180,62
141,122,95,27
141,148,164,56
141,168,140,58
141,207,90,75
141,218,57,24
142,23,223,52
142,25,190,78
142,38,57,15
142,40,103,92
142,41,155,27
142,44,179,65
142,47,216,27
142,49,145,60
142,70,128,61
142,89,148,74
142,96,215,66
142,105,218,57
142,120,8,69
142,121,52,49
142,132,153,94
142,137,198,36
142,149,21,100
142,182,193,84
142,187,48,21
142,201,114,37
142,206,229,1
142,211,202,1
142,224,50,20
143,2,212,85
143,3,170,33
143,73,220,12
143,76,230,69
143,77,131,50
143,86,96,87
143,102,65,42
143,167,58,46
143,181,223,50
143,198,44,38
143,203,206,48
143,215,169,63
143,226,142,79
144,31,91,21
144,31,179,94
144,33,189,53
144,34,41,74
144,41,157,50
144,69,211,4
144,94,157,73
144,114,91,59
144,116,69,2
144,125,181,19
144,181,34,69
144,205,145,24
144,205,179,40
144,214,189,31
145,31,193,65
145,47,219,55
145,49,76,84
145,128,121,67
145,146,226,61
146,23,88,33
146,27,171,25
146,29,32,80
146,29,209,72
146,49,209,44
146,95,145,26
146,97,192,71
146,103,148,12
146,103,171,77
146,109,28,56
146,109,49,91
146,122,111,55
146,148,28,54
146,169,153,20
146,169,192,99
147,32,110,11
147,32,121,55
147,110,209,79
147,143,198,65
147,181,179,5
147,187,164,24
147,187,181,78
147,190,128,70
147,190,217,80
147,198,218,3
147,199,211,5
147,201,130,29
147,201,199,7
148,32,71,12
148,39,195,18
148,40,32,43
148,40,215,83
148,71,55,25
148,72,115,28
148,93,181,87
148,97,39,22
148,110,109,72
148,110,149,55
148,167,109,13
148,215,115,7
149,40,201,92
149,74,99,99
149,74,175,73
149,93,208,11
149,96,92,44
149,99,195,45
149,153,96,1
149,153,190,63
149,175,6,1
149,179,148,62
149,207,92,99
149,215,195,49
149,215,207,30
149,221,38,79
150,4,226,14
150,36,140,50
150,46,190,28
150,47,119,63
150,47,226,64
150,52,36,27
150,52,144,55
150,64,119,4
150,73,146,20
150,125,73,75
150,140,207,55
150,175,146,16
150,175,201,26
150,181,44,50
150,181,125,100
150,207,46,12
151,32,41,37
151,44,191,35
151,63,205,25
151,88,38,33
151,93,143,78
151,132,179,0
151,149,154,94
151,153,49,97
151,180,184,43
151,193,36,29
151,199,159,59
151,225,211,10
152,7,202,54
152,24,214,81
152,29,171,40
152,32,199,49
152,77,131,53
152,87,95,72
152,92,112,91
152,110,142,95
152,120,205,63
152,122,145,37
152,154,211,92
152,155,93,28
152,187,41,76
152,194,206,33
152,195,71,82
152,215,148,45
153,25,130,35
153,31,44,98
153,34,202,38
153,35,128,73
153,97,26,14
153,125,218,69
153,152,105,27
153,195,97,7
154,47,219,95
154,49,7,93
154,49,31,85
154,55,132,93
154,55,141,96
154,115,230,72
154,119,171,5
154,119,212,97
154,132,219,70
154,209,212,40
154,215,31,44
154,215,225,36
154,221,7,29
154,225,209,18
155,4,131,28
155,36,65,53
155,49,212,46
155,50,227,90
155,53,24,90
155,104,114,41
155,112,163,57
155,126,69,16
155,149,70,2
155,171,219,23
155,200,199,53
155,230,181,62
156,4,86,39
156,8,63,68
156,8,122,30
156,34,64,38
156,34,134,73
156,50,132,22
156,63,65,80
156,65,27,61
156,86,40,46
156,87,105,12
156,87,182,62
156,122,38,31
156,134,220,65
156,182,27,50
158,33,142,74
158,33,148,3
158,71,176,53
158,74,115,54
158,125,89,49
158,125,207,68
158,136,214,63
158,142,26,47
158,203,52,57
158,203,210,14
158,230,115,50
158,230,148,37
159,41,22,94
159,69,41,4
159,69,140,45
159,79,99,4
159,126,75,20
159,130,99,90
159,130,202,14
159,157,202,52
159,191,79,26
159,201,22,27
159,201,210,5
159,203,184,90
159,203,207,62
159,207,210,77
160,21,29,58
160,48,69,82
160,75,128,17
160,92,89,21
160,95,75,74
160,95,92,98
160,163,93,1
160,167,224,71
160,195,29,58
160,209,21,91
160,209,112,63
160,224,93,87
161,25,58,31
161,27,102,75
161,48,135,5
161,65,35,85
161,65,180,40
161,104,182,50
161,104,221,77
161,124,155,86
161,155,227,4
161,170,35,11
161,182,29,7
161,221,207,6
161,226,6,30
161,226,58,73
161,227,6,70
162,20,30,36
162,20,148,11
162,33,94,74
162,125,7,21
162,125,203,42
162,144,111,47
162,145,144,34
162,151,94,41
162,151,203,75
162,206,148,65
162,206,189,81
163,7,33,96
163,47,212,61
163,103,216,85
163,135,38,16
163,142,103,33
163,176,7,8
163,193,142,27
163,193,212,2
163,213,47,18
163,213,135,24
163,216,41,99
163,218,34,76
163,221,218,35
163,223,33,70
163,223,34,12
164,21,110,63
164,21,120,99
164,31,76,53
164,45,176,45
164,65,176,9
164,71,203,88
164,108,200,8
164,119,71,5
164,130,65,73
164,130,120,27
164,152,201,45
164,169,108,48
164,201,76,46
164,228,200,25
164,228,203,65
167,52,182,41
167,87,194,98
167,104,87,85
167,110,182,52
167,115,195,98
167,126,208,83
167,132,104,60
167,132,147,65
167,147,69,34
167,169,115,57
167,169,141,55
167,226,195,55
168,25,114,88
168,47,210,59
168,63,114,38
168,69,148,14
168,74,88,68
168,111,36,27
168,112,111,45
168,114,115,62
168,179,164,42
168,191,36,33
168,210,148,4
168,213,164,6
168,216,179,3
168,219,88,93
169,8,164,56
169,28,93,46
169,31,187,27
169,35,164,99
169,43,216,46
169,50,52,3
169,64,6,93
169,99,120,10
169,103,163,63
169,110,41,21
169,155,202,4
169,163,111,72
169,220,194,60
170,56,155,84
170,71,73,36
170,71,125,58
170,116,44,100
170,121,34,88
170,131,105,78
170,146,141,91
170,155,141,53
170,181,44,97
171,35,149,89
171,109,50,84
171,167,192,26
172,23,218,56
172,34,22,75
172,34,44,93
172,35,142,93
172,35,226,10
172,47,116,54
172,49,142,50
172,74,105,3
172,96,6,92
173,22,212,48
173,32,194,87
173,32,215,55
173,39,130,99
173,50,39,47
173,56,227,18
173,74,73,21
173,131,130,65
173,131,194,33
173,136,71,45
173,136,227,82
173,153,124,65
173,192,74,32
173,192,141,56
173,215,71,47
173,228,56,27
173,228,141,11
174,50,55,41
174,71,115,64
174,77,29,46
174,77,141,67
174,108,119,9
174,108,225,66
174,115,55,48
174,141,119,48
174,182,7,39
174,182,122,40
174,228,71,66
174,228,190,85
175,25,88,82
175,56,226,15
175,70,132,79
175,88,123,98
175,105,70,96
175,105,226,60
175,109,102,51
175,109,221,89
175,126,224,98
175,154,102,20
175,154,218,64
175,220,119,67
175,221,56,56
175,224,218,50
176,8,74,10
176,8,96,8
176,41,37,90
176,63,181,80
176,104,163,93
176,119,126,51
176,170,47,45
179,25,224,40
180,3,50,56
180,3,181,24
180,4,167,63
180,35,169,36
180,63,110,62
180,64,32,79
180,64,169,14
180,110,192,88
180,121,93,21
180,125,56,32
180,128,48,71
180,128,50,87
180,137,35,56
180,137,167,40
180,149,48,84
180,181,32,41
180,229,93,29
180,229,192,48
181,32,86,58
181,47,210,59
181,47,219,85
181,69,210,52
181,88,75,40
181,88,219,66
181,95,114,78
181,124,114,49
181,142,223,62
181,144,157,66
181,157,159,10
182,6,95,80
182,6,224,60
182,64,207,5
182,69,135,88
182,74,180,72
182,74,215,47
182,111,95,62
182,163,224,43
182,169,215,90
182,180,223,77
183,21,170,1
183,28,130,5
183,31,38,61
183,38,225,14
183,58,212,5
183,75,206,39
183,95,191,16
183,110,57,46
183,110,95,5
183,191,212,46
183,201,28,15
183,201,170,97
183,225,21,87
184,21,212,76
184,23,90,89
184,25,75,21
184,28,203,14
184,40,75,21
184,45,128,59
184,55,125,16
184,58,7,89
184,63,108,72
184,65,75,26
184,75,132,39
184,94,202,13
184,96,105,45
184,102,113,10
184,104,2,92
184,115,216,6
184,130,29,16
184,131,148,0
184,136,181,85
184,141,143,71
184,153,94,24
184,168,24,21
184,175,43,50
184,179,34,84
184,192,126,66
184,198,87,48
184,200,201,23
184,207,147,5
184,228,74,67
185,31,228,79
185,37,193,66
185,70,69,85
185,72,176,61
185,92,7,10
185,96,91,66
185,102,219,52
185,111,20,80
185,115,76,94
185,124,229,6
185,131,209,10
185,132,154,56
185,167,39,11
185,175,64,42
185,200,46,73
185,227,95,51
186,22,214,12
186,32,119,52
186,40,90,31
186,63,97,92
186,64,164,88
186,75,3,62
186,77,193,11
186,86,26,51
186,96,22,100
186,103,135,22
186,184,151,24
186,219,34,54
186,228,91,80
186,230,123,88
187,23,189,71
187,38,216,63
187,48,8,43
187,64,144,7
187,72,39,73
187,96,99,39
187,114,130,71
187,131,44,61
187,142,136,38
187,170,114,44
187,211,135,55
188,56,109,15
188,73,219,80
188,87,92,98
188,91,219,65
188,92,123,51
188,152,123,79
188,152,132,38
188,153,109,87
188,168,45,82
188,192,45,71
188,192,86,4
188,214,134,100
189,29,147,39
189,64,97,58
189,79,164,53
189,86,126,68
189,92,95,48
189,93,24,43
189,110,202,93
189,112,113,42
189,119,27,43
189,141,140,71
189,163,214,31
189,195,208,53
189,201,7,14
189,201,48,31
189,209,229,100
189,211,203,55
189,224,75,33
190,32,48,76
190,39,30,67
190,56,75,27
190,77,121,42
190,140,194,34
190,143,217,88
190,146,170,34
190,151,148,4
190,216,179,62
191,8,31,80
191,24,8,80
191,24,224,95
191,31,212,5
191,46,88,15
191,70,219,71
191,87,70,27
191,87,214,100
191,103,119,29
191,119,224,71
191,143,219,64
191,155,88,32
191,155,143,78
191,168,103,53
191,171,132,93
191,176,132,17
191,190,123,93
192,2,20,40
192,2,144,51
192,20,94,65
192,79,91,84
192,79,216,9
192,99,94,62
192,111,130,2
192,111,202,37
192,120,30,11
192,120,91,34
192,130,184,84
192,157,144,53
192,191,213,99
194,20,214,46
194,45,95,97
194,45,229,57
194,46,89,54
194,46,104,57
194,47,104,59
194,89,229,20
194,95,39,51
194,97,171,24
194,168,53,33
194,206,168,27
194,206,189,64
194,211,205,66
194,211,214,61
195,48,89,87
195,70,93,75
195,70,219,45
195,76,206,29
195,76,208,19
195,88,28,62
195,153,89,73
195,153,92,66
195,194,184,43
195,206,194,14
195,219,92,88
196,3,37,6
196,3,122,94
196,21,55,56
196,23,213,45
196,31,50,76
196,31,213,75
196,50,114,93
196,63,108,57
196,63,228,25
196,86,124,83
196,121,52,21
196,124,108,43
196,155,37,51
196,167,136,84
196,167,155,80
196,228,136,20
197,3,77,79
197,6,72,68
197,35,92,58
197,45,121,28
197,47,26,43
197,56,122,15
197,63,4,70
197,69,91,55
197,73,230,21
197,99,78,50
197,104,130,82
197,105,114,8
197,136,75,89
197,140,164,73
197,167,65,13
197,168,25,60
197,168,180,15
197,189,20,3
197,198,48,7
197,200,182,94
197,205,144,10
197,209,113,10
197,225,95,22
197,226,8,21
198,21,89,3
198,35,31,26
198,35,145,15
198,39,20,45
198,48,31,59
198,89,76,67
198,104,21,54
198,125,219,1
198,211,111,64
198,211,219,81
199,6,116,66
199,35,149,56
199,76,124,49
199,76,153,92
199,110,180,36
199,121,64,99
199,124,110,75
199,128,64,24
199,153,35,5
199,155,147,96
199,206,147,41
200,28,218,37
200,34,164,60
200,46,195,62
200,50,111,55
200,108,151,80
200,153,226,15
200,169,102,87
200,194,103,8
200,215,221,15
200,228,207,56
201,23,53,50
201,23,149,87
201,27,134,28
201,29,22,86
201,29,140,81
201,31,181,17
201,31,189,7
201,48,203,13
201,70,189,24
201,149,22,54
201,155,88,85
201,180,176,35
201,208,144,19
201,225,70,89
201,225,140,54
202,26,79,65
202,26,95,9
202,76,130,48
202,77,94,70
202,95,159,36
202,130,20,7
202,131,191,30
202,191,2,97
202,214,20,94
202,214,159,17
203,26,128,85
203,48,201,27
203,70,128,60
203,112,2,44
203,119,134,73
203,140,2,1
203,140,223,8
203,176,24,16
203,176,112,87
203,193,218,16
203,218,201,1
203,220,216,47
204,41,30,39
204,86,145,6
204,88,217,61
204,96,154,41
204,123,184,93
204,134,90,13
204,149,64,19
204,152,130,57
204,181,159,33
204,182,191,27
204,227,192,33
205,34,41,2
205,57,95,24
205,79,7,87
205,95,187,72
205,111,20,82
205,157,41,88
205,157,206,42
205,159,30,80
205,164,30,35
205,214,57,15
207,25,102,24
207,33,137,33
207,40,63,0
207,40,72,37
207,41,137,17
207,49,109,8
207,64,63,3
207,74,87,82
207,132,191,90
207,134,64,76
207,152,25,43
207,191,102,7
207,215,41,30
207,215,49,12
208,39,171,93
208,39,194,84
208,63,182,67
208,64,26,84
208,64,151,76
208,96,26,1
208,104,209,60
208,104,211,83
208,114,211,42
208,157,209,31
208,171,114,72
208,195,151,7
208,195,184,45
208,198,143,79
208,198,194,84
208,200,143,95
208,200,203,54
208,203,184,29
209,22,159,47
209,33,35,79
209,46,45,9
209,90,58,69
209,104,147,76
209,116,53,48
209,135,227,36
209,154,199,94
209,170,32,4
209,203,130,30
210,39,90,81
210,70,48,57
210,153,70,40
210,167,24,92
210,167,221,6
210,182,112,52
210,219,153,10
210,221,147,15
211,50,169,33
211,56,131,63
211,56,149,3
211,77,121,79
211,77,131,17
211,132,134,93
211,141,198,100
211,146,102,9
211,146,141,65
211,149,191,77
211,152,73,46
211,170,226,53
212,3,50,46
212,27,218,65
212,33,125,85
212,50,184,96
212,56,73,57
212,56,132,58
212,73,112,32
212,96,134,18
212,102,112,19
212,131,96,78
212,131,125,90
212,154,3,61
212,226,102,83
212,226,154,62
213,89,32,56
213,89,230,60
213,90,41,79
213,90,229,27
213,124,32,79
213,124,114,12
213,140,69,3
213,140,111,25
213,163,44,37
213,163,230,10
213,208,2,32
213,229,210,84
214,48,112,59
214,50,145,50
214,64,119,27
214,64,179,10
214,78,179,88
214,78,184,53
214,113,114,18
214,113,210,67
214,114,205,96
214,143,163,62
214,151,145,58
214,211,151,99
215,3,137,68
215,41,135,87
215,63,3,68
215,63,229,98
215,93,154,62
215,121,93,36
215,123,88,44
215,123,220,46
215,131,176,19
215,131,230,29
215,132,176,76
215,146,27,47
215,146,154,53
215,171,132,34
215,214,88,55
215,220,69,26
216,33,50,31
216,33,56,85
216,48,89,57
216,58,193,61
216,108,58,98
216,182,152,26
216,193,189,61
216,209,221,4
216,221,89,65
218,32,180,40
218,32,229,37
218,109,97,93
218,145,20,64
218,152,40,57
218,168,211,79
218,176,53,24
218,180,26,84
218,215,214,45
218,225,53,45
218,225,116,0
218,229,2,92
219,45,140,40
219,45,200,48
219,74,46,80
219,97,105,32
219,105,46,62
219,119,89,48
219,152,213,42
219,159,164,58
219,170,119,85
219,193,140,98
219,216,111,40
220,4,103,28
220,6,179,62
220,35,143,98
220,46,198,18
220,53,2,35
220,97,125,57
220,105,47,99
220,121,218,42
220,141,31,12
220,201,26,23
220,207,70,100
220,227,48,55
221,28,164,84
221,36,164,88
221,63,52,63
221,76,124,65
221,153,63,73
221,180,128,18
221,198,220,51
221,223,148,68
222,27,8,77
222,43,157,89
222,74,217,88
222,92,53,18
222,95,58,3
222,104,78,25
222,121,147,21
222,124,21,3
222,125,33,0
222,128,46,67
222,140,213,60
222,155,73,63
222,167,65,87
222,187,45,21
222,189,111,14
222,206,201,63
222,214,22,44
222,218,119,89
222,224,112,96
222,226,170,62
222,229,79,63
223,22,202,60
223,23,209,80
223,35,171,48
223,39,120,18
223,43,217,81
223,45,30,23
223,45,206,96
223,90,206,88
223,96,104,81
223,110,217,22
223,121,65,57
223,126,23,4
223,126,103,6
223,137,209,16
223,143,39,17
223,157,30,1
223,157,94,47
223,164,159,19
223,164,179,27
223,187,120,15
223,187,171,43
223,216,94,26
223,216,159,98
224,4,110,71
224,23,195,78
224,26,31,91
224,43,93,37
224,72,191,32
224,74,22,75
224,88,34,61
224,103,26,66
224,103,110,35
224,147,111,86
224,153,31,41
224,153,88,85
225,7,221,71
225,25,95,67
225,40,55,11
225,55,194,24
225,125,4,72
225,131,6,69
225,154,96,82
225,154,122,25
225,171,212,78
225,195,40,50
225,195,57,36
225,221,194,54
226,37,34,28
226,37,149,22
226,86,73,81
226,86,103,3
226,91,112,57
226,91,207,6
226,103,137,7
226,126,23,38
226,126,113,16
226,137,112,50
226,152,34,14
226,175,52,65
226,221,113,3
227,8,22,88
227,29,2,53
227,29,184,83
227,34,22,15
227,34,78,68
227,39,24,98
227,39,199,80
227,57,211,3
227,78,21,18
227,214,184,72
228,3,37,8
228,23,88,7
228,28,70,74
228,37,23,94
228,39,31,47
228,39,113,83
228,70,88,3
228,86,149,19
228,96,149,85
228,99,199,58
228,104,96,5
228,104,126,74
228,113,200,44
228,126,3,43
228,199,7,37
229,55,203,82
229,75,76,82
229,76,79,24
229,108,20,71
229,108,123,6
229,123,135,53
229,181,79,21
229,181,144,77
230,7,38,3
230,7,128,13
230,33,55,59
230,63,201,44
230,71,38,64
230,119,193,18
230,123,192,30
230,132,29,79
230,136,199,2
230,137,128,94
230,141,146,57
230,180,201,5
230,182,34,99
230,207,29,33
230,214,210,9
240,4,216,28
240,7,43,16
240,23,225,28
240,27,88,95
240,31,148,53
240,39,8,3
240,53,181,59
240,65,78,38
240,91,140,91
240,121,33,30
240,122,159,63
240,125,145,7
240,142,41,72
240,171,211,25
240,190,58,49
240,191,49,56
240,193,143,12
240,199,90,7
240,207,55,91
240,223,212,11
241,115,32,6
242,104,87,14
501,2,7,35
501,2,35,91
501,8,3,90
501,8,135,17
501,22,92,12
501,22,136,13
501,24,47,59
501,24,136,6
501,33,57,8
501,33,74,0
501,41,159,97
501,41,193,37
501,53,31,74
501,55,92,36
501,55,216,8
501,57,220,67
501,58,38,84
501,65,6,17
501,69,194,87
501,71,70,68
501,72,53,72
501,72,130,39
501,73,71,88
501,73,79,99
501,74,126,9
501,75,207,18
501,75,210,77
501,76,3,98
501,76,205,34
501,77,187,69
501,86,112,35
501,86,190,85
501,87,184,39
501,93,157,54
501,102,58,28
501,102,140,13
501,103,135,35
501,103,220,91
501,108,20,6
501,110,20,38
501,111,159,12
501,111,164,31
501,112,120,76
501,121,120,37
501,124,215,55
501,124,228,26
501,130,95,94
501,146,31,20
501,147,132,6
501,147,134,82
501,148,179,60
501,152,187,1
501,154,203,13
501,154,213,67
501,155,47,17
501,155,221,11
501,163,29,90
501,170,121,88
501,170,227,40
501,180,198,26
501,181,69,67
501,182,202,55
501,191,38,67
501,198,194,80
501,200,148,32
501,202,179,48
501,206,88,32
501,206,132,37
501,207,164,75
501,208,200,84
501,208,219,61
501,215,157,36
501,216,193,2
501,218,203,69
501,218,226,10
501,219,134,71
501,221,213,84
501,226,77,43
501,228,65,99
502,2,210,37
502,3,64,53
502,4,45,25
502,4,103,97
502,6,7,26
502,6,114,69
502,7,28,94
502,8,122,62
502,20,31,16
502,20,94,39
502,21,171,24
502,22,35,45
502,22,210,35
502,24,2,24
502,24,28,66
502,26,120,84
502,26,220,58
502,27,144,19
502,27,180,72
502,28,207,70
502,30,223,81
502,32,151,82
502,33,105,44
502,36,141,42
502,39,56,42
502,39,175,14
502,40,143,83
502,41,44,65
502,41,88,94
502,44,200,16
502,49,32,36
502,49,116,33
502,50,120,1
502,50,147,75
502,50,194,49
502,50,223,39
502,55,114,6
502,57,31,19
502,63,56,60
502,63,64,83
502,65,92,26
502,65,93,79
502,69,53,3
502,70,187,82
502,71,95,73
502,72,74,78
502,73,114,26
502,74,135,13
502,77,93,7
502,77,201,43
502,79,132,37
502,79,184,67
502,79,194,45
502,86,69,61
502,86,126,80
502,87,99,85
502,87,144,14
502,88,99,81
502,88,206,32
502,88,219,94
502,89,132,22
502,89,193,2
502,90,128,55
502,91,206,67
502,96,108,19
502,96,192,46
502,99,144,7
502,103,55,96
502,108,45,73
502,109,52,73
502,109,146,27
502,110,194,24
502,111,164,97
502,115,125,99
502,115,192,92
502,119,103,58
502,120,110,80
502,121,135,92
502,122,36,11
502,123,137,92
502,123,159,27
502,124,215,51
502,124,226,52
502,125,169,40
502,130,95,78
502,130,126,90
502,134,30,74
502,134,144,32
502,134,179,91
502,134,202,81
502,136,35,42
502,136,157,27
502,137,46,90
502,146,220,26
502,147,216,57
502,148,207,7
502,149,75,64
502,152,75,3
502,152,154,49
502,154,225,28
502,155,43,92
502,155,105,69
502,159,164,28
502,159,202,57
502,164,148,79
502,167,21,95
502,167,40,96
502,169,97,18
502,170,33,9
502,170,229,91
502,171,141,82
502,175,97,43
502,176,143,91
502,176,181,28
502,180,120,22
502,181,226,5
502,182,43,37
502,184,111,9
502,184,148,66
502,184,202,97
502,189,111,48
502,189,179,65
502,190,52,86
502,191,73,50
502,191,149,7
502,193,159,76
502,195,3,66
502,198,208,15
502,199,28,55
502,199,207,26
502,200,30,84
502,200,164,36
502,200,199,65
502,203,128,52
502,206,30,27
502,208,110,64
502,210,111,13
502,210,194,23
502,211,90,36
502,211,94,85
502,212,99,18
502,212,216,35
502,214,198,82
502,215,221,80
502,216,79,5
502,216,223,1
502,217,148,97
502,217,202,62
502,219,207,86
502,221,57,81
502,223,110,50
502,224,92,32
502,225,55,11
502,227,182,3
502,228,203,32
502,229,116,99
502,230,46,38
502,230,224,33
503,2,206,24
503,4,64,30
503,4,192,59
503,7,92,81
503,7,157,40
503,21,116,16
503,21,218,38
503,23,38,45
503,23,102,86
503,23,102,65
503,24,27,30
503,24,130,18
503,25,37,24
503,27,212,17
503,29,20,87
503,29,94,57
503,29,163,61
503,31,99,85
503,32,90,1
503,33,155,42
503,33,167,25
503,34,46,57
503,36,39,74
503,36,49,44
503,37,78,26
503,37,140,11
503,37,145,25
503,39,229,79
503,40,49,26
503,40,143,33
503,40,229,36
503,43,48,77
503,43,49,87
503,43,181,95
503,43,181,65
503,45,126,38
503,45,171,25
503,45,176,71
503,45,192,57
503,46,123,98
503,48,34,71
503,48,40,67
503,48,142,63
503,49,218,51
503,52,136,2
503,56,3,96
503,56,32,48
503,56,64,66
503,56,125,49
503,58,105,90
503,58,205,30
503,64,36,54
503,69,52,40
503,70,31,29
503,70,112,24
503,71,135,46
503,72,170,72
503,73,74,47
503,73,130,91
503,74,72,63
503,75,137,44
503,75,211,89
503,76,3,15
503,76,78,35
503,77,95,61
503,77,151,14
503,86,71,90
503,86,167,92
503,87,157,47
503,90,29,39
503,90,94,20
503,93,92,47
503,96,131,25
503,96,170,2
503,97,32,93
503,97,63,85
503,97,171,19
503,104,23,82
503,104,76,18
503,104,142,41
503,105,152,71
503,109,69,12
503,109,154,30
503,113,34,7
503,113,46,68
503,113,94,99
503,113,123,65
503,113,163,74
503,114,99,6
503,115,122,86
503,115,195,5
503,116,182,70
503,116,213,12
503,119,38,84
503,119,94,9
503,119,224,35
503,122,36,31
503,122,64,44
503,122,171,29
503,126,2,63
503,128,149,64
503,131,25,88
503,131,76,9
503,131,78,40
503,135,95,50
503,136,87,85
503,137,38,29
503,137,206,72
503,140,102,40
503,140,104,19
503,140,142,20
503,143,8,55
503,145,20,11
503,145,102,10
503,146,93,77
503,146,212,52
503,149,89,27
503,149,211,47
503,151,6,2
503,152,48,43
503,152,137,86
503,152,218,74
503,153,3,8
503,153,63,28
503,154,6,93
503,155,89,96
503,163,89,95
503,168,78,45
503,168,108,80
503,169,39,73
503,169,63,81
503,169,192,84
503,175,8,88
503,175,39,43
503,175,97,50
503,175,108,78
503,176,171,100
503,176,229,52
503,181,57,44
503,182,112,48
503,182,181,71
503,182,227,42
503,187,163,20
503,187,213,61
503,192,125,27
503,195,3,2
503,195,63,58
503,195,169,87
503,201,114,60
503,201,128,28
503,205,142,23
503,211,90,36
503,211,149,69
503,218,38,71
503,224,32,34
503,224,116,18
503,225,34,72
503,225,119,25
503,225,123,23
503,225,145,67
503,227,57,43
503,229,176,26
503,230,34,4
503,230,34,91
503,230,46,72
503,230,48,43
503,230,123,54
503,230,224,19
505,2,148,97
505,3,119,62
505,4,27,7
505,7,144,4
505,7,157,52
505,7,208,83
505,8,33,42
505,25,23,92
505,25,209,6
505,26,198,12
505,28,164,61
505,29,163,58
505,31,91,80
505,31,92,34
505,32,203,49
505,33,143,71
505,33,182,52
505,34,29,3
505,34,113,33
505,34,113,33
505,35,88,64
505,41,44,76
505,46,199,30
505,47,26,76
505,47,53,84
505,47,206,49
505,49,70,15
505,49,143,89
505,49,181,58
505,50,99,26
505,50,198,6
505,50,211,33
505,55,20,39
505,57,210,13
505,63,36,43
505,64,116,58
505,64,190,40
505,65,53,77
505,65,201,78
505,71,120,65
505,72,229,4
505,73,70,10
505,73,77,37
505,73,219,33
505,74,71,79
505,74,72,58
505,75,111,98
505,75,112,78
505,75,208,13
505,76,143,38
505,77,6,74
505,79,94,79
505,86,202,51
505,88,28,5
505,88,144,9
505,89,55,89
505,89,90,38
505,90,89,17
505,93,87,56
505,95,114,0
505,96,26,11
505,97,191,58
505,102,209,25
505,103,112,10
505,104,209,88
505,105,99,65
505,108,163,99
505,108,225,46
505,109,94,19
505,109,193,50
505,110,44,16
505,110,189,72
505,111,164,11
505,112,2,5
505,115,125,62
505,115,211,79
505,120,79,62
505,121,24,36
505,122,70,44
505,123,113,65
505,123,163,23
505,123,163,95
505,124,91,0
505,126,46,56
505,126,214,90
505,126,230,56
505,128,31,78
505,130,52,90
505,131,209,25
505,132,20,99
505,132,217,52
505,134,28,34
505,134,194,76
505,135,69,59
505,136,215,79
505,137,38,39
505,137,184,93
505,140,45,78
505,140,209,26
505,141,8,9
505,141,21,51
505,142,90,65
505,144,157,56
505,145,56,4
505,145,209,67
505,146,134,42
505,148,179,18
505,149,202,3
505,151,194,22
505,152,34,68
505,152,48,58
505,152,149,63
505,153,228,92
505,155,147,48
505,164,159,21
505,167,209,65
505,167,214,8
505,168,113,17
505,168,142,100
505,169,29,76
505,169,217,74
505,170,27,83
505,171,39,7
505,175,43,48
505,175,123,77
505,175,209,44
505,176,48,26
505,184,159,66
505,184,179,7
505,187,154,65
505,192,105,27
505,192,227,44
505,193,41,22
505,194,111,6
505,195,40,80
505,198,200,57
505,200,30,31
505,200,210,89
505,201,22,12
505,205,128,83
505,205,209,57
505,206,30,99
505,206,99,64
505,207,30,12
505,207,148,46
505,207,210,35
505,213,22,34
505,215,77,90
505,215,128,50
505,216,159,54
505,216,179,16
505,218,46,10
505,218,48,62
505,218,223,40
505,219,216,81
505,219,223,31
505,220,29,74
505,220,213,81
505,221,180,34
505,223,208,80
505,224,199,13
505,225,90,15
505,226,53,15
505,229,21,29
505,230,38,83
506,3,63,69
506,3,195,19
506,4,23,43
506,4,218,37
506,6,35,8
506,7,91,1
506,7,210,63
506,8,105,33
506,8,128,80
506,21,130,41
506,21,151,83
506,23,43,71
506,25,58,57
506,25,140,84
506,26,147,42
506,27,7,14
506,27,53,76
506,30,79,81
506,30,184,83
506,31,120,72
506,31,214,100
506,32,40,90
506,34,20,57
506,35,50,52
506,37,38,18
506,37,102,37
506,39,33,68
506,39,43,5
506,40,119,17
506,41,202,80
506,41,216,31
506,44,28,59
506,44,111,74
506,44,148,41
506,44,193,44
506,45,31,12
506,45,116,67
506,46,230,7
506,47,157,31
506,47,159,25
506,48,146,42
506,48,157,17
506,49,135,29
506,49,203,77
506,50,157,57
506,50,164,46
506,50,216,61
506,52,22,33
506,52,114,56
506,52,215,27
506,53,26,26
506,53,47,24
506,53,93,44
506,55,79,74
506,55,199,81
506,55,221,94
506,56,103,23
506,56,141,6
506,57,190,74
506,63,115,35
506,64,171,20
506,65,6,77
506,65,26,71
506,65,210,76
506,65,228,17
506,70,154,13
506,71,73,34
506,72,144,37
506,73,87,97
506,75,144,96
506,75,189,67
506,75,219,2
506,76,102,88
506,76,145,68
506,77,24,57
506,78,104,37
506,86,28,74
506,86,99,46
506,86,103,35
506,87,90,11
506,87,112,5
506,87,194,71
506,88,91,39
506,88,134,7
506,88,217,61
506,90,214,9
506,92,28,5
506,92,99,74
506,92,211,25
506,93,99,80
506,93,198,99
506,95,112,72
506,95,187,43
506,95,216,62
506,96,130,92
506,96,143,91
506,96,190,87
506,97,103,82
506,97,151,25
506,103,135,51
506,104,205,73
506,105,224,38
506,108,40,11
506,108,123,6
506,108,175,42
506,109,47,0
506,109,57,31
506,109,198,83
506,110,206,21
506,110,208,66
506,110,219,59
506,111,164,42
506,111,179,85
506,111,189,56
506,113,94,97
506,114,147,0
506,115,171,74
506,116,130,98
506,116,203,62
506,120,94,70
506,120,99,69
506,121,109,51
506,121,191,63
506,122,187,77
506,122,229,46
506,124,32,14
506,124,114,34
506,124,123,16
506,124,154,72
506,125,36,87
506,125,119,61
506,126,72,67
506,126,92,35
506,128,157,47
506,131,137,62
506,132,148,57
506,132,194,20
506,132,202,23
506,134,79,72
506,134,179,99
506,134,217,33
506,135,95,1
506,135,221,39
506,136,26,39
506,136,89,90
506,136,214,43
506,141,43,56
506,141,74,48
506,141,96,19
506,142,38,74
506,142,58,9
506,143,74,40
506,143,228,82
506,144,216,32
506,146,52,54
506,147,91,20
506,148,41,74
506,149,112,88
506,149,193,31
506,149,206,41
506,149,208,85
506,151,6,11
506,151,154,72
506,152,182,82
506,153,213,3
506,154,180,2
506,155,27,90
506,155,136,11
506,159,207,22
506,167,181,15
506,168,78,82
506,168,131,39
506,169,32,71
506,169,213,32
506,170,69,34
506,170,180,46
506,175,167,56
506,176,43,16
506,176,221,61
506,179,202,84
506,181,152,82
506,182,69,35
506,184,164,77
506,184,217,59
506,187,228,35
506,189,159,3
506,191,34,61
506,192,33,70
506,192,36,68
506,193,30,83
506,193,132,16
506,194,207,50
506,198,2,2
506,198,110,98
506,199,20,67
506,199,202,61
506,200,148,90
506,200,184,97
506,200,210,16
506,201,22,54
506,201,89,94
506,201,223,56
506,203,57,41
506,205,145,44
506,206,30,4
506,206,88,78
506,207,159,30
506,208,91,87
506,208,199,19
506,211,20,19
506,211,75,23
506,211,113,58
506,212,2,64
506,214,2,93
506,215,22,3
506,215,24,100
506,215,190,74
506,217,189,72
506,218,57,57
506,218,130,50
506,219,20,26
506,219,200,38
506,220,2,6
506,220,31,41
506,220,179,16
506,221,212,3
506,223,41,20
506,223,79,48
506,223,164,64
506,226,32,42
506,226,187,7
506,226,224,45
506,227,70,78
506,227,71,76
506,228,27,20
506,229,220,66
506,230,137,81
507,2,28,84
507,2,35,81
507,3,8,18
507,3,56,98
507,4,23,6
507,4,96,26
507,4,115,90
507,4,115,45
507,4,195,10
507,6,69,49
507,6,111,41
507,6,215,46
507,8,3,74
507,8,43,45
507,8,122,71
507,20,94,31
507,21,40,65
507,21,94,58
507,21,141,23
507,21,167,71
507,22,75,77
507,22,87,21
507,23,142,2
507,24,27,24
507,24,55,94
507,25,104,28
507,25,131,83
507,26,144,68
507,27,93,12
507,28,30,42
507,28,199,51
507,28,210,31
507,29,20,31
507,33,36,52
507,33,229,78
507,34,94,58
507,34,193,83
507,34,205,98
507,37,120,78
507,37,205,47
507,39,21,25
507,39,109,32
507,39,151,17
507,40,43,26
507,44,132,4
507,44,200,39
507,45,64,48
507,46,123,61
507,46,218,21
507,47,136,50
507,47,212,59
507,47,220,25
507,48,144,25
507,49,187,16
507,50,110,2
507,50,194,74
507,50,198,3
507,52,26,68
507,53,190,47
507,55,35,82
507,58,119,80
507,58,142,29
507,63,26,9
507,63,56,70
507,63,195,93
507,64,122,64
507,65,221,59
507,69,24,48
507,69,52,46
507,69,146,85
507,69,228,68
507,70,57,27
507,70,227,19
507,71,52,25
507,71,63,77
507,71,219,4
507,72,40,47
507,72,43,36
507,72,86,56
507,72,95,89
507,73,71,67
507,73,227,16
507,74,49,23
507,74,182,3
507,77,65,55
507,77,70,9
507,77,71,26
507,77,154,28
507,78,7,8
507,78,37,59
507,79,30,37
507,79,194,17
507,86,96,62
507,86,124,25
507,86,190,74
507,87,180,81
507,88,112,93
507,88,199,6
507,88,216,16
507,88,217,72
507,89,91,34
507,89,128,53
507,90,113,69
507,90,211,51
507,91,206,44
507,94,213,19
507,95,130,17
507,96,4,75
507,96,32,30
507,96,36,74
507,97,39,89
507,97,122,70
507,103,203,16
507,105,33,57
507,105,74,99
507,108,3,56
507,108,45,72
507,108,78,98
507,108,115,1
507,108,115,58
507,109,7,15
507,109,215,90
507,111,159,89
507,111,184,73
507,113,146,68
507,113,213,71
507,114,112,91
507,114,214,79
507,116,30,35
507,116,151,87
507,116,226,36
507,120,7,60
507,120,144,43
507,121,74,73
507,121,126,97
507,122,41,77
507,122,141,40
507,123,29,4
507,124,130,98
507,124,146,80
507,125,36,4
507,125,56,89
507,125,96,95
507,125,108,27
507,125,169,53
507,128,147,28
507,134,217,88
507,135,130,20
507,135,213,69
507,136,92,99
507,141,36,89
507,141,215,27
507,143,49,63
507,143,229,3
507,145,104,64
507,145,119,10
507,147,31,75
507,148,134,25
507,148,179,9
507,148,202,22
507,148,207,6
507,149,110,30
507,151,226,52
507,152,213,77
507,152,218,9
507,153,115,26
507,153,168,26
507,154,220,33
507,155,33,83
507,155,64,55
507,155,93,19
507,155,124,26
507,157,92,93
507,159,164,99
507,159,207,30
507,163,29,69
507,163,29,94
507,163,94,28
507,167,32,66
507,168,73,15
507,169,45,41
507,169,45,68
507,169,115,82
507,170,49,29
507,170,103,65
507,171,64,47
507,171,167,81
507,171,176,14
507,171,229,66
507,175,48,80
507,175,125,82
507,175,143,46
507,176,141,95
507,176,167,12
507,176,187,92
507,180,157,48
507,181,38,0
507,181,40,36
507,181,182,79
507,181,227,75
507,182,112,48
507,182,143,59
507,184,210,14
507,189,179,47
507,189,184,79
507,191,126,25
507,191,146,91
507,192,39,40
507,192,56,84
507,192,97,34
507,192,175,80
507,194,199,78
507,195,63,79
507,195,97,54
507,195,164,98
507,198,112,92
507,200,20,63
507,200,184,62
507,200,216,79
507,201,31,13
507,202,164,15
507,202,179,67
507,202,179,38
507,205,4,41
507,206,199,49
507,207,194,46
507,208,149,20
507,208,214,2
507,210,20,30
507,210,75,28
507,211,163,85
507,212,50,20
507,212,113,45
507,212,137,6
507,215,47,81
507,215,130,53
507,216,198,96
507,218,203,10
507,221,53,71
507,223,79,37
507,223,132,10
507,224,24,91
507,224,57,22
507,224,70,3
507,224,201,34
507,225,131,50
507,225,137,87
507,226,228,86
507,227,38,99
507,228,99,10
507,229,43,95
508,2,123,81
508,2,206,57
508,2,208,40
508,2,220,19
508,3,8,82
508,4,39,44
508,4,108,46
508,4,167,4
508,4,192,17
508,6,187,27
508,7,157,4
508,8,88,74
508,8,170,83
508,20,199,45
508,20,199,38
508,21,152,24
508,21,152,64
508,21,171,70
508,22,44,22
508,22,128,8
508,22,147,77
508,23,70,24
508,23,140,51
508,24,41,8
508,24,70,19
508,24,126,83
508,24,146,74
508,24,218,33
508,25,37,21
508,25,182,40
508,26,27,60
508,26,136,87
508,26,159,59
508,26,201,63
508,27,109,67
508,27,187,1
508,27,216,52
508,28,184,6
508,29,163,91
508,30,20,12
508,30,94,43
508,31,7,13
508,32,228,6
508,35,208,96
508,36,194,81
508,37,209,60
508,38,34,95
508,38,209,80
508,39,97,74
508,39,195,94
508,39,195,2
508,40,171,87
508,40,229,47
508,43,95,39
508,45,75,37
508,45,153,82
508,46,38,70
508,46,79,77
508,46,163,29
508,46,163,17
508,47,128,56
508,47,212,45
508,47,216,20
508,48,38,12
508,48,152,96
508,48,203,43
508,48,226,39
508,49,146,91
508,50,164,22
508,50,198,19
508,52,144,64
508,52,203,43
508,52,221,54
508,53,6,69
508,53,221,82
508,55,89,78
508,55,114,52
508,55,154,96
508,56,3,56
508,56,64,28
508,56,92,21
508,56,97,18
508,56,141,17
508,57,136,39
508,57,203,91
508,58,76,56
508,58,163,13
508,58,206,88
508,58,209,7
508,63,3,31
508,63,155,19
508,63,171,41
508,63,195,54
508,64,33,80
508,64,122,19
508,64,195,99
508,69,47,68
508,69,213,46
508,70,130,71
508,71,218,77
508,71,224,94
508,72,36,66
508,72,86,74
508,72,201,38
508,72,208,8
508,73,69,69
508,73,116,3
508,73,143,32
508,73,229,11
508,74,40,65
508,74,167,49
508,74,224,7
508,74,230,74
508,76,6,1
508,76,38,55
508,76,209,91
508,77,193,46
508,77,224,82
508,77,227,13
508,78,37,66
508,78,58,75
508,78,209,25
508,79,29,91
508,86,94,16
508,86,176,46
508,87,31,25
508,87,147,30
508,88,112,5
508,88,200,20
508,89,90,56
508,93,89,34
508,93,148,19
508,93,211,53
508,94,28,82
508,94,29,16
508,95,154,43
508,96,2,85
508,96,169,11
508,96,175,6
508,97,45,0
508,97,179,4
508,97,192,87
508,99,144,3
508,99,223,71
508,102,145,99
508,102,170,76
508,102,220,84
508,103,76,61
508,103,95,2
508,103,126,49
508,104,31,95
508,104,32,95
508,104,78,51
508,104,225,32
508,105,48,25
508,105,221,20
508,105,225,68
508,105,228,86
508,108,125,95
508,109,32,47
508,110,208,57
508,110,219,91
508,111,159,3
508,112,213,91
508,113,29,88
508,113,34,8
508,113,50,36
508,114,87,4
508,114,136,71
508,115,3,30
508,115,76,55
508,116,135,65
508,116,230,15
508,120,75,69
508,120,92,42
508,120,193,10
508,121,227,24
508,122,33,13
508,122,176,31
508,123,38,60
508,123,90,64
508,124,52,50
508,124,99,95
508,124,182,9
508,125,79,20
508,126,34,7
508,128,220,39
508,131,140,64
508,131,141,46
508,134,144,79
508,134,157,100
508,135,226,48
508,136,35,8
508,137,46,64
508,137,48,93
508,137,94,90
508,137,109,63
508,137,112,67
508,140,112,45
508,141,122,69
508,142,119,64
508,142,205,65
508,143,46,87
508,145,23,87
508,145,57,55
508,146,212,31
508,146,220,47
508,149,75,45
508,149,90,35
508,149,110,60
508,151,119,76
508,151,203,56
508,151,228,23
508,152,170,69
508,152,230,24
508,153,130,72
508,153,168,4
508,154,134,21
508,155,8,14
508,155,99,27
508,155,128,99
508,167,209,53
508,168,108,50
508,169,53,92
508,175,115,35
508,175,135,16
508,176,171,16
508,176,187,10
508,181,40,76
508,181,43,54
508,181,49,28
508,181,116,10
508,182,49,72
508,184,111,14
508,184,207,2
508,187,202,97
508,190,71,50
508,191,132,81
508,194,148,60
508,198,149,87
508,198,213,22
508,198,213,18
508,199,202,17
508,200,216,67
508,201,147,32
508,205,34,57
508,206,163,84
508,207,148,43
508,208,92,94
508,209,65,10
508,210,194,80
508,210,199,49
508,210,200,76
508,211,90,2
508,211,111,64
508,211,164,37
508,212,214,59
508,214,223,84
508,215,69,94
508,215,130,77
508,215,159,18
508,215,212,36
508,216,28,84
508,218,157,46
508,219,20,3
508,219,223,30
508,220,89,99
508,221,144,9
508,223,207,7
508,224,103,48
508,225,123,60
508,225,163,87
508,226,65,76
508,226,228,100
508,227,7,0
508,227,32,93
508,230,112,96
508,230,126,60
509,2,144,78
509,3,108,69
509,8,3,47
509,8,36,92
509,8,49,69
509,8,167,63
509,21,114,67
509,21,167,51
509,22,75,56
509,22,146,30
509,24,69,23
509,24,224,75
509,25,175,82
509,27,47,62
509,27,57,35
509,29,163,52
509,31,144,71
509,31,208,43
509,33,43,92
509,33,49,67
509,34,38,51
509,35,7,68
509,39,56,83
509,39,171,98
509,41,44,53
509,44,199,71
509,45,122,5
509,45,195,40
509,46,123,32
509,47,26,100
509,48,227,43
509,49,32,12
509,50,41,44
509,50,216,94
509,55,89,90
509,55,201,29
509,55,220,43
509,63,36,41
509,63,167,10
509,64,21,78
509,64,141,71
509,65,221,60
509,65,221,30
509,69,52,98
509,71,130,40
509,72,49,92
509,72,116,78
509,72,135,35
509,72,135,59
509,73,103,36
509,73,219,51
509,74,70,31
509,75,213,63
509,77,130,50
509,77,226,80
509,79,194,83
509,86,6,68
509,86,124,40
509,87,46,37
509,88,79,8
509,88,223,25
509,89,2,59
509,89,120,34
509,90,20,17
509,92,216,71
509,93,136,13
509,94,29,33
509,94,179,77
509,95,6,66
509,95,151,10
509,96,21,80
509,96,36,56
509,96,125,27
509,96,171,94
509,97,169,49
509,99,7,23
509,103,176,60
509,108,175,6
509,110,28,9
509,110,206,58
509,111,164,64
509,111,179,29
509,113,87,67
509,113,137,19
509,114,55,26
509,114,89,55
509,114,212,38
509,115,97,32
509,115,195,60
509,116,32,29
509,119,70,30
509,119,71,58
509,120,157,34
509,123,163,56
509,124,53,95
509,125,56,19
509,125,122,99
509,125,169,50
509,126,213,31
509,128,217,87
509,132,199,36
509,134,164,30
509,134,189,79
509,135,65,32
509,135,65,15
509,136,112,51
509,136,201,67
509,137,34,43
509,141,36,70
509,143,43,78
509,146,52,48
509,147,92,61
509,147,93,15
509,147,136,28
509,147,180,99
509,148,159,57
509,148,189,100
509,149,35,22
509,149,91,31
509,152,48,81
509,152,230,43
509,153,25,98
509,153,168,82
509,154,53,81
509,154,109,28
509,155,229,62
509,167,176,43
509,168,4,25
509,169,175,53
509,169,192,66
509,175,179,36
509,180,201,49
509,182,74,58
509,184,202,72
509,187,209,53
509,190,201,90
509,190,221,79
509,191,143,50
509,192,4,20
509,193,210,4
509,198,30,38
509,198,90,57
509,200,159,64
509,200,194,48
509,202,179,71
509,203,26,1
509,203,112,42
509,206,193,100
509,207,132,12
509,207,184,76
509,211,28,81
509,211,91,83
509,212,93,40
509,212,93,6
509,212,221,73
509,214,99,74
509,214,208,46
509,218,151,72
509,218,226,75
509,219,30,20
509,220,157,18
509,223,210,56
509,227,224,79
509,228,57,42
509,228,109,25
509,229,191,41
509,230,38,12
601,2,179,47
601,3,28,13
601,4,221,37
601,6,71,52
601,7,41,63
601,20,44,56
601,21,212,21
601,25,218,30
601,26,194,81
601,29,120,47
601,35,45,23
601,37,20,27
601,38,201,56
601,40,213,7
601,49,189,26
601,52,121,10
601,55,182,17
601,56,131,52
601,57,159,87
601,58,91,47
601,63,137,9
601,63,170,68
601,64,169,68
601,65,184,3
601,72,135,50
601,73,230,48
601,74,39,27
601,77,36,25
601,86,27,70
601,87,191,1
601,90,103,16
601,92,48,92
601,94,217,5
601,96,105,85
601,96,153,30
601,96,227,70
601,97,43,24
601,99,142,43
601,99,229,100
601,102,75,18
601,105,175,14
601,108,115,19
601,109,31,49
601,109,153,44
601,110,189,3
601,111,171,7
601,112,187,7
601,113,128,30
601,114,219,76
601,116,224,44
601,119,126,72
601,124,226,17
601,125,195,13
601,126,50,67
601,126,70,60
601,131,200,76
601,132,147,50
601,136,211,87
601,140,34,18
601,141,134,36
601,141,209,1
601,142,76,69
601,143,22,88
601,145,223,63
601,146,123,99
601,149,215,33
601,152,163,17
601,153,88,36
601,157,57,6
601,164,148,15
601,168,99,94
601,176,216,91
601,180,69,63
601,181,32,97
601,192,24,18
601,194,213,45
601,195,122,58
601,198,23,43
601,199,151,85
601,200,89,39
601,203,33,9
601,203,53,68
601,205,155,53
601,206,144,10
601,207,47,50
601,210,208,55
601,214,130,98
601,220,193,97
601,225,86,19
601,226,154,27
601,227,124,57
601,228,43,84
601,228,104,50
601,229,78,13
602,3,228,61
602,4,40,5
602,4,143,67
602,6,25,6
602,21,112,39
602,23,148,20
602,24,199,45
602,24,217,69
602,25,228,36
602,26,7,97
602,26,137,1
602,26,140,55
602,27,159,75
602,28,187,71
602,29,114,92
602,31,48,54
602,32,29,88
602,32,45,35
602,33,78,25
602,33,191,80
602,34,115,81
602,35,21,54
602,35,38,42
602,35,52,66
602,35,200,47
602,37,30,34
602,38,32,66
602,39,214,54
602,40,119,96
602,46,50,22
602,46,119,52
602,47,53,97
602,47,182,64
602,47,207,57
602,48,111,17
602,49,25,55
602,49,125,61
602,49,205,41
602,52,37,15
602,52,116,39
602,52,132,85
602,53,209,21
602,56,136,74
602,56,179,91
602,58,92,24
602,63,99,16
602,64,4,5
602,64,128,71
602,65,176,34
602,70,130,67
602,71,31,35
602,71,103,5
602,72,182,95
602,73,40,78
602,73,135,54
602,73,198,18
602,74,181,39
602,76,91,69
602,77,207,2
602,86,226,81
602,87,36,32
602,89,22,92
602,90,48,78
602,93,120,25
602,95,119,26
602,96,70,60
602,97,108,31
602,97,215,85
602,97,223,41
602,99,95,35
602,102,87,13
602,102,167,64
602,103,145,28
602,104,34,6
602,109,21,9
602,110,154,17
602,116,92,11
602,121,71,61
602,121,180,94
602,122,69,62
602,124,63,70
602,125,132,85
602,131,105,60
602,131,126,77
602,132,114,66
602,134,120,55
602,134,164,8
602,134,207,68
602,135,119,51
602,135,210,44
602,136,169,86
602,137,41,94
602,137,147,22
602,140,53,89
602,141,86,49
602,141,126,59
602,144,128,88
602,145,94,34
602,145,114,10
602,146,206,95
602,147,140,92
602,149,199,99
602,151,55,97
602,151,103,86
602,151,170,20
602,152,123,93
602,153,124,28
602,155,75,42
602,167,122,73
602,168,90,38
602,168,125,19
602,168,132,73
602,169,113,66
602,169,205,15
602,170,24,29
602,170,110,76
602,171,44,11
602,175,215,73
602,176,58,79
602,180,45,71
602,180,58,71
602,181,142,80
602,184,2,93
602,187,208,3
602,189,94,78
602,190,157,89
602,190,203,85
602,191,45,10
602,191,147,36
602,192,121,68
602,193,90,27
602,193,143,72
602,193,143,80
602,195,114,81
602,198,29,92
602,198,105,5
602,201,157,36
602,201,163,77
602,205,116,87
602,209,157,72
602,211,28,69
602,211,199,26
602,211,229,59
602,212,43,29
602,212,164,98
602,215,31,28
602,218,7,30
602,218,29,23
602,218,135,70
602,218,216,20
602,219,41,21
602,220,20,93
602,220,92,78
602,221,23,96
602,221,164,38
602,221,212,70
602,223,23,63
602,223,154,51
602,224,21,63
602,224,88,52
602,224,145,9
602,224,229,30
602,225,108,56
602,226,203,55
602,227,96,76
602,228,136,37
602,229,38,28
602,230,163,47
603,3,72,18
603,3,109,82
603,6,40,69
603,7,50,62
603,21,224,39
603,24,38,53
603,24,215,69
603,26,7,98
603,27,115,66
603,27,213,50
603,33,99,60
603,38,45,19
603,39,136,28
603,45,140,70
603,49,74,89
603,50,154,90
603,55,46,46
603,55,99,74
603,56,152,12
603,63,46,9
603,69,112,67
603,72,65,77
603,73,149,60
603,73,169,29
603,75,130,57
603,75,214,53
603,76,89,53
603,76,113,54
603,77,88,33
603,77,214,15
603,78,111,91
603,79,30,71
603,86,218,25
603,86,223,11
603,91,157,45
603,92,121,96
603,92,143,85
603,93,69,50
603,93,216,96
603,97,223,19
603,102,49,82
603,102,146,24
603,105,64,34
603,109,56,88
603,112,213,33
603,113,111,58
603,116,205,42
603,122,115,97
603,124,21,67
603,124,226,7
603,125,167,92
603,130,200,21
603,131,4,10
603,131,39,19
603,132,116,13
603,132,121,87
603,140,26,26
603,141,193,57
603,141,199,86
603,143,90,60
603,146,125,62
603,149,4,32
603,151,199,33
603,151,215,70
603,152,64,63
603,153,167,37
603,153,227,58
603,154,88,0
603,155,63,95
603,155,227,43
603,168,74,37
603,168,195,88
603,169,192,44
603,170,57,55
603,171,89,13
603,171,216,81
603,175,25,67
603,175,225,74
603,176,105,58
603,176,225,62
603,191,97,28
603,191,122,18
603,192,58,52
603,193,90,34
603,195,65,31
603,198,136,52
603,198,181,39
603,200,78,37
603,205,58,15
603,220,25,12
603,220,181,88
603,224,218,90
603,230,33,43
603,230,91,82
604,2,77,69
604,2,210,81
604,3,56,33
604,4,92,36
604,21,97,0
604,21,224,9
604,25,198,80
604,25,228,1
604,32,53,11
604,35,203,37
604,36,202,27
604,39,58,15
604,40,151,31
604,46,8,64
604,48,104,54
604,48,145,5
604,49,3,64
604,49,6,14
604,50,130,13
604,58,92,54
604,64,6,96
604,65,149,10
604,65,220,11
604,71,38,4
604,72,109,17
604,72,176,21
604,73,90,51
604,73,193,86
604,74,52,84
604,74,220,18
604,77,50,76
604,78,179,12
604,78,190,63
604,79,36,6
604,79,93,51
604,86,211,62
604,93,210,87
604,95,8,98
604,103,63,99
604,103,190,29
604,104,221,60
604,105,33,16
604,105,38,11
604,109,35,64
604,110,184,12
604,116,132,10
604,126,86,37
604,130,184,13
604,131,32,29
604,131,33,75
604,132,193,82
604,136,71,98
604,137,110,3
604,141,137,8
604,141,201,10
604,146,56,52
604,146,203,77
604,147,53,53
604,148,230,63
604,151,87,78
604,152,87,95
604,152,169,38
604,153,46,61
604,153,99,38
604,155,26,96
604,155,97,24
604,167,95,13
604,167,227,8
604,168,52,35
604,168,64,11
604,169,124,12
604,170,206,52
604,170,211,96
604,175,126,92
604,175,145,29
604,176,199,1
604,180,37,66
604,180,147,18
604,181,4,55
604,181,90,20
604,192,116,56
604,192,199,68
604,195,39,32
604,195,205,96
604,198,205,33
604,201,206,47
604,202,179,51
604,218,26,73
604,218,221,64
604,224,37,10
604,225,124,2
604,225,136,47
604,227,149,92
604,228,40,91
604,230,99,36
605,3,74,57
605,3,195,49
605,4,205,26
605,7,20,11
605,7,164,66
605,8,91,85
605,8,95,79
605,8,202,54
605,21,71,64
605,21,224,16
605,23,27,53
605,24,23,59
605,25,105,71
605,26,97,53
605,26,203,60
605,27,194,78
605,29,28,2
605,29,31,31
605,30,91,41
605,31,187,9
605,32,206,96
605,34,89,33
605,34,187,52
605,35,149,90
605,37,30,82
605,37,221,31
605,38,48,59
605,38,145,68
605,39,73,78
605,39,152,68
605,40,116,96
605,40,141,68
605,41,159,87
605,43,120,20
605,43,217,94
605,44,159,87
605,44,163,71
605,45,189,94
605,47,20,2
605,48,97,89
605,50,36,27
605,55,45,65
605,55,46,30
605,55,216,54
605,58,103,49
605,64,105,30
605,64,228,26
605,65,56,9
605,69,208,1
605,70,75,10
605,70,219,30
605,72,2,25
605,72,146,93
605,75,212,64
605,76,200,32
605,76,209,25
605,77,53,59
605,77,221,29
605,79,30,84
605,86,126,16
605,86,181,99
605,87,90,25
605,87,199,69
605,88,111,6
605,91,163,29
605,92,126,97
605,92,180,82
605,93,79,70
605,95,8,65
605,95,46,98
605,102,95,20
605,102,96,17
605,104,184,62
605,108,28,42
605,108,46,76
605,108,91,36
605,108,194,81
605,109,65,89
605,109,74,87
605,110,147,67
605,112,157,65
605,112,207,82
605,113,144,77
605,114,113,99
605,115,69,33
605,115,217,60
605,121,119,84
605,121,122,21
605,122,171,68
605,123,134,30
605,125,96,42
605,125,96,73
605,125,96,55
605,125,96,32
605,128,22,19
605,128,120,96
605,130,78,92
605,131,56,23
605,132,35,95
605,132,205,74
605,135,123,3
605,135,140,87
605,136,52,87
605,136,228,54
605,137,210,59
605,140,142,65
605,141,4,24
605,143,114,72
605,143,119,84
605,144,157,61
605,145,199,72
605,146,225,44
605,148,179,12
605,153,6,94
605,153,131,21
605,154,41,49
605,154,182,81
605,155,227,5
605,167,30,14
605,167,46,49
605,167,55,44
605,167,175,55
605,168,49,9
605,168,146,13
605,169,52,82
605,169,149,1
605,170,71,67
605,170,211,100
605,171,142,95
605,175,155,67
605,176,152,37
605,182,208,60
605,190,93,69
605,190,202,94
605,191,89,83
605,191,94,14
605,192,116,93
605,192,180,78
605,193,151,24
605,193,181,17
605,195,49,91
605,198,25,57
605,198,73,59
605,200,207,34
605,201,53,61
605,201,110,61
605,203,147,66
605,209,219,58
605,212,88,48
605,213,22,88
605,213,134,56
605,214,164,16
605,215,94,69
605,216,57,47
605,218,90,69
605,218,211,31
605,220,6,22
605,220,176,99
605,223,57,77
605,223,111,4
605,224,151,6
605,226,24,43
605,226,47,72
605,227,33,74
605,229,189,97
605,229,215,49
605,230,33,69
605,230,214,95
606,2,113,88
606,2,142,67
606,2,184,45
606,7,23,47
606,7,37,72
606,8,135,43
606,20,94,52
606,20,206,77
606,20,207,19
606,22,57,89
606,22,94,76
606,22,163,30
606,22,189,90
606,23,76,19
606,23,113,79
606,24,119,84
606,24,122,20
606,24,123,93
606,27,23,88
606,27,216,21
606,28,164,49
606,28,171,20
606,28,207,62
606,29,135,100
606,31,34,58
606,31,111,93
606,32,29,29
606,33,97,30
606,34,214,89
606,36,128,51
606,36,213,72
606,36,219,37
606,38,70,57
606,41,57,60
606,41,202,71
606,43,79,16
606,43,111,25
606,44,148,25
606,44,187,3
606,44,210,39
606,45,75,75
606,47,128,29
606,47,207,9
606,47,216,34
606,50,78,54
606,50,112,79
606,53,221,21
606,55,38,65
606,55,137,5
606,57,189,61
606,57,202,14
606,58,121,54
606,58,143,76
606,63,30,16
606,63,119,41
606,69,148,37
606,69,210,89
606,69,212,46
606,77,171,55
606,78,28,72
606,78,144,41
606,78,214,36
606,86,70,47
606,86,140,20
606,87,137,83
606,88,2,54
606,88,112,30
606,88,221,59
606,89,134,45
606,89,184,45
606,89,219,95
606,91,30,60
606,93,69,37
606,93,111,88
606,93,164,34
606,96,125,53
606,102,24,7
606,102,125,51
606,103,8,28
606,108,113,76
606,110,201,57
606,111,206,61
606,112,41,12
606,112,79,67
606,113,212,44
606,114,53,39
606,114,104,67
606,115,43,70
606,115,93,2
606,115,214,100
606,119,104,26
606,120,134,26
606,120,144,3
606,120,163,18
606,120,208,23
606,128,20,21
606,128,213,92
606,130,76,53
606,130,142,23
606,134,217,64
606,137,223,43
606,140,123,39
606,142,88,92
606,142,200,99
606,144,164,5
606,145,87,51
606,145,97,31
606,147,91,31
606,154,79,67
606,154,171,12
606,154,200,72
606,154,209,42
606,157,94,39
606,157,148,89
606,163,148,59
606,163,208,7
606,179,159,22
606,179,159,4
606,182,41,18
606,182,44,28
606,182,202,64
606,182,216,52
606,187,164,60
606,190,27,7
606,190,189,83
606,190,209,79
606,190,223,33
606,191,76,89
606,191,77,16
606,194,76,85
606,194,89,95
606,194,144,65
606,194,219,13
606,200,27,90
606,200,189,74
606,201,212,58
606,206,187,19
606,207,202,68
606,208,159,27
606,208,159,99
606,209,43,92
606,209,79,27
606,210,184,9
606,210,187,21
606,211,171,88
606,211,206,72
606,213,36,98
606,213,47,66
606,214,37,79
606,215,108,19
606,215,110,85
606,215,119,13
606,215,137,31
606,216,184,98
606,217,94,25
606,217,179,21
606,217,179,81
606,219,134,4
606,223,75,95
606,223,212,66
606,225,96,90
606,225,121,61
606,226,103,23
606,226,143,19
606,229,45,97
606,229,122,85
606,230,32,38
606,230,33,16
607,3,27,84
607,3,175,73
607,4,180,38
607,6,64,28
607,6,220,8
607,8,181,81
607,25,134,10
607,28,2,52
607,28,43,52
607,29,147,59
607,31,194,41
607,34,2,61
607,34,110,89
607,35,52,65
607,36,206,93
607,37,128,21
607,37,206,21
607,38,148,32
607,39,26,52
607,40,135,84
607,40,218,55
607,45,230,4
607,48,213,30
607,49,159,45
607,52,228,23
607,53,214,92
607,56,176,96
607,58,21,89
607,63,171,33
607,65,73,96
607,70,104,79
607,70,209,15
607,71,47,41
607,74,152,83
607,75,112,97
607,79,36,87
607,79,43,77
607,86,219,67
607,87,8,67
607,87,104,24
607,88,207,88
607,90,89,100
607,92,55,28
607,96,97,12
607,103,135,80
607,105,115,53
607,116,143,51
607,119,35,43
607,119,114,14
607,121,99,4
607,123,190,3
607,124,32,90
607,124,103,94
607,125,198,46
607,126,55,84
607,126,226,40
607,128,182,49
607,131,111,1
607,132,21,74
607,132,218,34
607,136,208,77
607,137,110,60
607,145,114,55
607,146,3,69
607,146,195,50
607,149,192,94
607,151,140,74
607,153,22,76
607,155,23,94
607,168,212,45
607,169,164,2
607,170,29,71
607,170,226,18
607,175,141,76
607,182,209,46
607,191,44,17
607,193,202,33
607,195,56,29
607,199,113,48
607,203,144,51
607,205,24,89
607,211,69,12
607,215,77,14
607,216,217,39
607,220,176,89
607,221,76,80
607,224,32,58
607,224,147,38
607,225,64,74
607,225,181,22
607,227,223,96
607,228,58,97
607,229,137,73
607,229,145,89
608,3,109,82
608,3,146,94
608,3,181,42
608,4,192,9
608,6,73,5
608,6,152,51
608,8,46,58
608,20,189,96
608,23,214,91
608,25,52,92
608,27,53,12
608,28,154,82
608,28,214,23
608,29,32,9
608,31,87,62
608,34,110,96
608,34,147,23
608,37,200,27
608,39,192,13
608,39,220,37
608,39,225,23
608,40,96,47
608,40,170,65
608,41,22,59
608,41,210,25
608,43,47,4
608,43,112,69
608,44,22,34
608,44,94,20
608,45,135,73
608,45,191,41
608,47,212,11
608,48,26,61
608,49,65,72
608,49,195,100
608,50,77,20
608,50,147,33
608,56,220,91
608,56,225,43
608,57,179,40
608,63,8,35
608,63,33,49
608,64,73,70
608,64,198,86
608,65,72,91
608,71,48,39
608,74,65,89
608,74,168,78
608,75,110,50
608,76,2,54
608,78,27,16
608,78,130,49
608,87,29,3
608,91,30,56
608,92,193,62
608,92,203,38
608,93,2,25
608,93,37,64
608,94,202,54
608,95,46,29
608,99,33,19
608,99,230,85
608,102,49,31
608,104,70,22
608,104,140,48
608,105,4,35
608,105,35,15
608,108,201,6
608,109,6,88
608,109,49,30
608,109,181,81
608,111,79,52
608,111,89,45
608,113,69,65
608,114,75,56
608,116,90,69
608,120,20,91
608,120,217,44
608,121,193,98
608,121,199,64
608,122,70,36
608,122,190,16
608,123,194,5
608,125,96,92
608,126,32,14
608,126,103,90
608,128,36,33
608,128,89,76
608,130,77,10
608,131,6,45
608,131,125,86
608,131,169,13
608,134,207,66
608,134,216,69
608,135,7,29
608,136,180,37
608,136,205,38
608,141,151,26
608,142,144,73
608,142,184,36
608,143,141,21
608,143,203,62
608,144,189,81
608,146,64,4
608,146,72,88
608,151,26,79
608,152,52,49
608,152,73,32
608,152,73,61
608,153,65,38
608,153,95,28
608,153,220,67
608,153,228,6
608,154,53,29
608,155,30,60
608,155,71,32
608,155,103,22
608,157,148,11
608,157,206,94
608,159,179,43
608,163,159,22
608,163,208,67
608,167,74,80
608,167,227,70
608,168,102,46
608,169,90,77
608,170,226,33
608,171,23,68
608,171,88,18
608,175,131,94
608,175,205,18
608,176,25,2
608,176,149,39
608,180,199,93
608,182,69,68
608,182,112,76
608,187,57,82
608,187,202,13
608,190,114,99
608,191,140,90
608,194,184,43
608,195,3,89
608,195,64,2
608,195,74,87
608,198,35,2
608,198,116,34
608,201,123,98
608,206,164,3
608,207,164,50
608,208,217,4
608,209,76,14
608,209,113,97
608,211,31,49
608,211,108,52
608,212,79,8
608,213,36,52
608,213,216,80
608,219,148,12
608,219,210,56
608,220,39,84
608,221,88,82
608,221,200,70
608,225,149,33
608,225,198,83
608,228,227,64
608,229,7,76
608,229,226,49
608,230,91,60
609,4,92,55
609,4,132,3
609,6,152,85
609,7,34,95
609,7,122,38
609,7,122,33
609,7,229,42
609,8,95,16
609,21,121,23
609,23,212,70
609,24,103,11
609,26,87,17
609,26,90,69
609,27,130,84
609,27,200,20
609,30,79,6
609,31,191,61
609,32,29,99
609,32,119,44
609,33,137,1
609,35,52,48
609,36,207,87
609,38,211,94
609,39,6,66
609,39,149,18
609,40,170,46
609,40,192,42
609,41,144,59
609,41,184,28
609,43,213,64
609,43,216,87
609,45,31,37
609,45,114,78
609,47,206,73
609,50,77,14
609,53,23,17
609,53,70,88
609,55,99,89
609,56,72,13
609,56,176,85
609,57,94,66
609,57,208,69
609,58,86,3
609,58,116,87
609,63,55,12
609,65,72,63
609,69,111,100
609,70,50,40
609,70,75,16
609,71,48,24
609,72,124,12
609,74,65,91
609,75,28,19
609,75,110,76
609,78,76,49
609,78,88,31
609,86,21,14
609,88,194,91
609,89,213,77
609,94,163,73
609,95,115,65
609,97,199,73
609,97,223,22
609,99,46,48
609,102,74,23
609,102,124,37
609,103,87,50
609,104,46,4
609,104,70,52
609,104,123,36
609,104,147,78
609,105,169,56
609,108,34,94
609,108,140,86
609,109,72,73
609,109,152,52
609,110,50,94
609,111,112,64
609,112,89,29
609,113,93,45
609,115,2,10
609,115,30,58
609,115,76,22
609,119,199,54
609,120,20,32
609,120,44,23
609,122,34,34
609,122,77,53
609,123,75,25
609,123,154,93
609,123,201,1
609,124,79,79
609,124,95,60
609,126,193,74
609,126,218,13
609,128,134,15
609,128,164,14
609,130,34,36
609,130,50,87
609,130,154,77
609,135,147,74
609,135,203,21
609,136,25,20
609,136,132,33
609,137,223,14
609,140,114,37
609,141,52,10
609,142,69,64
609,142,93,34
609,145,33,35
609,145,38,60
609,149,192,20
609,157,30,38
609,157,44,91
609,157,91,16
609,157,144,79
609,159,179,10
609,159,217,74
609,163,189,93
609,164,47,58
609,167,91,67
609,171,113,86
609,171,194,17
609,175,155,1
609,175,167,59
609,176,25,82
609,180,71,44
609,180,95,66
609,181,24,62
609,181,143,47
609,182,134,58
609,182,207,0
609,184,219,37
609,187,22,73
609,187,148,39
609,189,22,27
609,190,206,20
609,190,221,49
609,193,121,88
609,201,28,60
609,202,30,18
609,202,217,46
609,203,48,99
609,205,116,29
609,205,141,33
609,208,179,10
609,209,36,64
609,209,37,5
609,210,20,37
609,210,148,19
609,211,151,5
609,214,2,89
609,214,200,71
609,215,90,81
609,215,230,10
609,216,219,70
609,218,143,94
609,221,212,46
609,224,92,66
609,224,151,75
609,226,37,61
609,226,170,46
609,227,63,65
609,227,155,61
609,228,35,79
609,228,169,7
609,229,191,10
609,230,29,95
701,4,65,10
701,4,200,25
701,8,95,5
701,22,104,22
701,23,30,69
701,25,29,88
701,25,223,64
701,33,132,10
701,34,93,17
701,37,35,61
701,38,29,59
701,39,136,97
701,40,145,22
701,41,33,18
701,43,171,90
701,46,126,10
701,49,53,35
701,49,89,11
701,50,191,99
701,55,153,24
701,56,209,98
701,58,217,61
701,63,220,45
701,64,71,31
701,70,229,95
701,72,45,88
701,74,27,35
701,74,122,32
701,76,218,94
701,77,47,23
701,87,108,70
701,89,102,39
701,90,132,20
701,93,157,82
701,109,52,69
701,114,26,54
701,116,134,17
701,119,146,34
701,121,2,68
701,122,57,53
701,123,128,81
701,124,50,96
701,125,111,21
701,130,228,26
701,135,6,26
701,137,211,43
701,142,163,60
701,143,187,93
701,144,164,1
701,149,99,43
701,153,206,66
701,154,115,29
701,155,180,47
701,167,123,52
701,170,181,49
701,175,151,44
701,179,202,56
701,184,7,82
701,190,140,77
701,195,180,75
701,207,187,17
701,212,112,65
701,212,194,36
701,215,32,88
701,219,91,6
701,221,79,83
701,226,176,62
701,227,120,88
702,6,71,46
702,22,28,67
702,33,221,72
702,38,144,40
702,39,52,78
702,40,212,85
702,41,230,39
702,45,211,44
702,46,109,46
702,47,76,95
702,63,157,59
702,69,44,24
702,72,105,36
702,73,213,68
702,75,193,35
702,77,99,8
702,78,53,33
702,79,43,74
702,86,121,44
702,87,169,58
702,91,112,68
702,96,130,65
702,96,137,4
702,102,213,5
702,103,26,63
702,104,56,18
702,108,25,10
702,113,20,81
702,115,190,26
702,119,88,89
702,125,124,89
702,126,4,33
702,131,23,24
702,131,27,90
702,132,179,44
702,143,201,46
702,148,57,43
702,151,114,93
702,152,207,20
702,152,227,4
702,153,70,47
702,154,149,91
702,155,65,64
702,159,36,92
702,168,141,65
702,170,167,16
702,175,142,43
702,176,224,47
702,180,210,81
702,181,189,31
702,189,94,10
702,191,202,75
702,192,70,38
702,193,29,73
702,194,30,5
702,195,147,75
702,200,111,85
702,201,209,54
702,206,203,80
702,208,111,49
702,210,29,9
702,218,92,76
702,225,21,98
702,225,24,57
702,226,32,22
702,229,7,74
702,229,64,23
703,2,201,51
703,4,142,90
703,22,48,36
703,22,125,2
703,24,87,59
703,25,38,100
703,25,205,88
703,33,212,51
703,34,89,43
703,35,122,98
703,41,136,66
703,41,214,74
703,45,48,40
703,45,169,88
703,50,142,30
703,56,205,26
703,56,229,21
703,71,207,7
703,73,4,57
703,73,230,84
703,75,120,92
703,75,144,33
703,76,90,38
703,76,163,95
703,77,87,47
703,88,71,81
703,88,148,89
703,89,216,9
703,92,217,90
703,103,77,60
703,103,124,69
703,110,189,20
703,113,33,8
703,113,123,21
703,114,119,15
703,114,224,19
703,116,168,81
703,116,180,99
703,119,90,7
703,120,171,38
703,121,23,41
703,122,198,15
703,130,21,99
703,130,78,16
703,130,171,78
703,130,227,67
703,137,50,87
703,137,169,96
703,140,108,25
703,140,123,32
703,145,200,38
703,153,74,34
703,153,121,85
703,154,124,19
703,154,136,37
703,171,148,20
703,171,189,96
703,190,23,50
703,190,215,96
703,195,200,95
703,198,180,72
703,211,74,10
703,215,149,21
703,216,38,65
703,218,227,9
703,224,34,11
703,228,35,82
703,229,221,58
703,230,212,29
704,21,121,93
704,24,142,53
704,27,25,36
704,33,145,89
704,37,47,32
704,45,55,46
704,45,181,68
704,48,41,99
704,49,108,96
704,49,109,93
704,53,23,45
704,63,53,32
704,63,90,80
704,65,64,49
704,69,46,88
704,69,125,53
704,72,46,19
704,72,170,89
704,86,152,78
704,86,155,10
704,90,147,82
704,92,149,43
704,92,212,62
704,102,41,17
704,103,125,85
704,105,78,69
704,109,145,26
704,111,210,16
704,112,79,11
704,115,226,92
704,116,65,29
704,124,121,93
704,124,154,79
704,128,111,47
704,134,79,73
704,135,219,93
704,137,151,0
704,142,195,59
704,143,95,2
704,147,134,55
704,152,69,12
704,153,78,28
704,153,195,15
704,154,87,4
704,170,69,44
704,170,103,19
704,176,37,62
704,176,108,35
704,182,47,73
704,205,112,64
704,205,209,22
704,206,99,83
704,209,189,92
704,210,120,45
704,215,23,43
704,215,135,81
704,218,25,20
704,219,136,16
704,225,115,82
704,225,155,53
704,226,181,85
704,227,149,43
704,229,95,7
704,229,116,49
705,2,43,10
705,3,26,47
705,6,212,76
705,8,97,21
705,8,211,73
705,23,88,17
705,23,91,38
705,32,35,45
705,33,191,5
705,38,28,8
705,39,104,53
705,43,132,88
705,47,218,7
705,47,219,71
705,52,111,47
705,52,205,88
705,63,163,8
705,71,132,41
705,76,176,48
705,76,219,85
705,77,56,20
705,79,210,22
705,87,103,95
705,92,134,86
705,93,144,88
705,97,56,45
705,105,126,5
705,105,176,52
705,111,209,94
705,116,91,13
705,116,191,62
705,122,28,73
705,122,32,42
705,124,87,78
705,128,120,35
705,131,46,85
705,131,104,72
705,134,38,37
705,140,4,66
705,140,63,51
705,145,163,2
705,145,212,100
705,146,26,94
705,146,35,23
705,153,4,84
705,154,21,96
705,154,124,57
705,157,164,89
705,164,202,54
705,167,44,13
705,167,126,23
705,168,58,77
705,175,55,11
705,181,39,16
705,181,175,97
705,199,202,4
705,200,6,5
705,201,112,17
705,208,200,97
705,208,205,42
705,210,31,66
705,211,142,95
705,220,31,88
705,220,144,23
705,221,201,97
705,223,112,0
705,226,192,4
705,228,58,95
706,4,123,67
706,6,147,63
706,6,198,9
706,7,20,28
706,7,187,85
706,8,215,67
706,20,29,44
706,22,77,45
706,24,22,23
706,24,169,27
706,26,198,33
706,29,179,54
706,30,94,62
706,30,213,51
706,31,184,75
706,40,103,31
706,46,176,73
706,48,192,1
706,50,44,53
706,50,175,93
706,56,8,75
706,56,69,12
706,57,94,28
706,71,26,89
706,72,152,67
706,73,97,3
706,73,151,86
706,74,63,57
706,74,230,76
706,76,230,75
706,77,182,74
706,86,72,24
706,87,226,8
706,89,37,35
706,89,149,80
706,93,220,23
706,96,86,18
706,96,115,92
706,96,125,68
706,97,40,27
706,103,48,69
706,115,45,53
706,115,181,46
706,115,190,15
706,121,63,9
706,121,224,47
706,123,91,69
706,125,192,19
706,131,176,52
706,137,131,63
706,137,175,73
706,144,184,77
706,147,34,31
706,148,179,36
706,149,38,73
706,151,211,99
706,152,225,20
706,155,170,98
706,159,144,50
706,181,55,91
706,182,39,45
706,187,159,63
706,190,46,27
706,190,169,47
706,193,207,0
706,194,207,25
706,206,31,3
706,209,194,86
706,211,215,100
706,213,193,1
706,224,34,81
706,226,55,26
707,3,2,86
707,3,92,46
707,7,193,82
707,20,213,12
707,23,141,94
707,25,119,40
707,25,121,10
707,27,26,2
707,27,28,92
707,28,31,7
707,30,164,4
707,30,199,17
707,32,31,59
707,33,109,3
707,33,123,78
707,35,220,49
707,38,134,70
707,49,70,27
707,49,130,65
707,52,128,63
707,58,120,71
707,58,220,1
707,63,198,35
707,63,206,16
707,64,43,2
707,65,147,86
707,78,70,27
707,78,191,34
707,88,221,94
707,90,34,83
707,90,227,69
707,92,206,7
707,93,194,27
707,95,120,60
707,95,146,70
707,97,35,76
707,97,218,59
707,102,194,43
707,109,108,74
707,110,99,83
707,113,6,43
707,113,116,85
707,116,112,90
707,121,191,80
707,122,23,60
707,122,216,36
707,123,119,15
707,124,99,99
707,128,112,57
707,146,32,8
707,147,141,30
707,168,6,51
707,168,228,63
707,184,36,26
707,187,7,37
707,187,94,50
707,193,213,53
707,198,228,92
707,199,202,0
707,202,157,84
707,203,157,91
707,208,26,81
707,209,110,18
707,210,93,81
707,210,184,88
707,224,34,49
707,224,91,13
708,6,132,93
708,8,143,77
708,20,57,97
708,25,229,68
708,26,208,10
708,27,26,1
708,27,28,89
708,28,31,20
708,29,99,1
708,32,31,40
708,32,93,46
708,34,224,89
708,40,8,91
708,47,70,35
708,49,70,52
708,53,149,89
708,56,47,84
708,56,151,21
708,76,224,38
708,89,220,49
708,91,128,83
708,91,214,56
708,95,146,4
708,97,95,77
708,97,136,42
708,110,187,57
708,114,109,93
708,114,136,92
708,119,65,4
708,126,143,30
708,130,171,60
708,132,220,28
708,135,113,82
708,136,41,45
708,141,3,43
708,149,198,71
708,151,167,79
708,157,199,56
708,157,202,84
708,163,65,24
708,163,221,55
708,164,202,44
708,167,126,26
708,171,159,1
708,179,203,47
708,179,213,15
708,184,159,15
708,189,57,6
708,189,110,4
708,191,109,88
708,191,119,79
708,193,30,13
708,194,148,22
708,194,193,42
708,195,53,7
708,199,30,88
708,201,112,89
708,203,94,51
708,206,36,70
708,214,208,84
708,223,148,42
708,230,74,53
708,230,135,52
709,21,194,3
709,22,3,58
709,24,75,33
709,26,184,26
709,27,92,86
709,29,30,13
709,32,198,31
709,34,28,22
709,37,34,22
709,39,203,3
709,40,217,77
709,41,191,24
709,44,134,32
709,45,164,14
709,46,207,56
709,47,119,52
709,48,2,58
709,48,31,32
709,50,214,71
709,53,122,92
709,69,71,74
709,76,157,75
709,77,31,12
709,78,94,61
709,86,144,52
709,96,110,83
709,97,90,100
709,99,193,89
709,103,143,40
709,104,218,68
709,105,135,83
709,109,216,2
709,114,187,77
709,116,58,31
709,120,36,69
709,124,141,40
709,126,201,97
709,137,159,42
709,140,63,59
709,142,159,84
709,145,147,1
709,167,213,88
709,168,228,20
709,169,8,17
709,169,128,99
709,170,208,47
709,176,20,42
709,181,74,48
709,182,29,94
709,182,135,62
709,190,189,3
709,192,6,74
709,198,208,93
709,205,199,63
709,209,94,4
709,211,113,4
709,214,30,14
709,215,38,28
709,216,148,79
709,220,206,83
709,221,171,77
709,224,35,26
709,224,210,88
709,225,57,25
709,226,148,20
709,227,64,77
709,228,146,70
709,230,102,52
710,8,230,97
710,36,187,60
710,39,167,16
710,39,219,81
710,43,102,44
710,43,210,51
710,44,143,63
710,50,212,37
710,50,227,72
710,53,52,98
710,53,194,30
710,57,94,26
710,64,193,89
710,70,191,88
710,73,141,62
710,73,144,86
710,75,189,81
710,77,175,77
710,86,22,9
710,86,131,7
710,94,164,14
710,96,40,56
710,97,214,96
710,104,74,51
710,111,203,57
710,122,201,14
710,122,207,10
710,130,227,67
710,131,219,11
710,132,184,33
710,134,132,66
710,135,88,24
710,135,140,30
710,141,88,83
710,143,105,45
710,147,102,34
710,147,201,45
710,152,96,2
710,152,225,32
710,154,192,93
710,155,22,92
710,155,40,94
710,169,126,17
710,169,167,93
710,171,213,18
710,180,79,12
710,191,65,69
710,192,175,91
710,203,202,12
710,211,210,77
710,213,202,78
710,214,111,80
710,217,7,31
710,217,157,25
710,225,77,32
710,230,130,15
711,3,89,78
711,3,141,38
711,4,140,45
711,21,124,21
711,21,130,81
711,22,115,76
711,27,4,22
711,32,2,13
711,35,52,80
711,37,145,29
711,40,182,27
711,40,226,51
711,41,130,92
711,43,75,43
711,44,126,93
711,45,22,57
711,45,170,52
711,48,182,54
711,49,47,90
711,49,176,38
711,50,181,64
711,52,216,56
711,53,108,19
711,55,46,74
711,58,75,34
711,58,216,57
711,73,50,92
711,78,27,14
711,78,195,42
711,86,96,26
711,86,154,73
711,87,103,78
711,87,124,57
711,95,53,87
711,95,90,31
711,96,152,4
711,102,146,34
711,103,154,72
711,104,153,55
711,105,167,1
711,105,215,9
711,109,90,46
711,113,195,70
711,113,219,62
711,114,151,70
711,119,108,40
711,119,163,95
711,123,70,16
711,123,89,71
711,125,192,61
711,131,48,61
711,131,69,21
711,137,170,85
711,137,226,54
711,140,44,79
711,141,208,49
711,143,126,50
711,143,135,49
711,145,109,50
711,146,200,27
711,152,225,76
711,153,175,92
711,155,115,29
711,155,225,87
711,167,114,76
711,176,70,54
711,192,46,83
711,205,28,63
711,205,79,99
711,215,135,81
711,228,163,7
711,229,37,91
713,2,200,13
713,4,126,31
713,4,140,99
713,6,108,53
713,6,227,76
713,8,192,24
713,21,130,25
713,23,89,66
713,27,41,63
713,27,230,24
713,32,147,68
713,33,44,14
713,33,113,100
713,35,2,42
713,35,92,35
713,37,191,89
713,39,50,28
713,41,113,8
713,47,143,28
713,55,105,99
713,63,70,16
713,64,147,30
713,64,163,65
713,70,116,72
713,72,96,89
713,72,152,12
713,74,78,48
713,76,114,3
713,77,48,87
713,78,230,94
713,87,103,56
713,90,109,71
713,97,56,88
713,97,69,35
713,103,154,71
713,108,122,93
713,114,167,8
713,116,37,76
713,119,123,19
713,122,65,75
713,124,21,97
713,124,87,78
713,125,190,66
713,125,226,31
713,136,130,23
713,136,214,29
713,140,44,67
713,141,34,10
713,141,200,57
713,142,49,67
713,143,46,92
713,145,109,54
713,145,191,16
713,146,32,34
713,146,89,80
713,149,214,43
713,152,154,96
713,167,142,14
713,168,92,34
713,168,119,74
713,175,55,68
713,176,121,94
713,176,126,46
713,181,50,96
713,181,182,29
713,190,48,45
713,192,104,62
713,195,95,91
713,203,157,19
713,215,49,87
713,215,74,44
713,224,90,14
713,227,23,32
713,228,224,65
713,229,195,68
714,3,102,15
714,7,217,64
714,24,72,88
714,26,52,47
714,26,198,5
714,29,20,98
714,29,57,68
714,31,194,14
714,36,159,69
714,53,3,40
714,53,219,30
714,57,193,37
714,58,43,51
714,71,88,69
714,71,212,38
714,72,136,31
714,73,169,47
714,75,128,60
714,79,112,73
714,91,102,49
714,93,79,97
714,99,207,67
714,110,144,22
714,110,184,88
714,111,28,67
714,120,112,70
714,120,220,61
714,128,38,28
714,131,170,57
714,131,225,6
714,134,216,82
714,135,218,50
714,136,214,53
714,144,31,97
714,148,159,33
714,148,189,57
714,149,58,51
714,153,211,91
714,157,203,49
714,164,94,23
714,164,202,31
714,169,153,12
714,170,73,93
714,180,221,71
714,184,189,61
714,187,20,28
714,187,36,16
714,193,207,33
714,194,206,84
714,199,30,18
714,208,91,18
714,208,134,51
714,209,206,39
714,211,151,76
714,212,43,10
714,213,94,92
714,214,157,45
714,216,201,72
714,218,219,73
714,225,24,63
715,7,189,67
715,8,69,83
715,8,190,34
715,22,45,43
715,28,201,7
715,30,179,55
715,31,206,87
715,36,29,8
715,38,128,62
715,44,53,7
715,53,219,31
715,55,69,75
715,55,215,24
715,57,20,59
715,57,193,53
715,58,52,15
715,64,92,56
715,64,219,21
715,72,24,55
715,72,86,22
715,75,38,10
715,75,221,30
715,77,190,31
715,86,96,81
715,88,34,77
715,88,134,20
715,92,34,28
715,99,36,45
715,99,159,47
715,110,31,71
715,111,28,2
715,112,7,28
715,115,40,57
715,115,137,65
715,120,93,30
715,120,210,11
715,131,24,81
715,131,77,53
715,132,216,5
715,132,221,89
715,134,111,9
715,144,184,22
715,148,144,79
715,148,206,58
715,155,96,30
715,155,137,55
715,159,20,38
715,164,202,39
715,180,43,12
715,187,29,11
715,194,223,24
715,199,164,75
715,199,207,78
715,202,94,28
715,205,216,2
715,209,79,57
715,212,52,13
715,215,143,55
715,217,179,62
715,217,213,23
715,220,79,2
715,220,223,45